-- MariaDB dump 10.19  Distrib 10.4.32-MariaDB, for Win64 (AMD64)
--
-- Host: localhost    Database: settribe_db
-- ------------------------------------------------------
-- Server version	10.4.32-MariaDB

/*!40101 SET @OLD_CHARACTER_SET_CLIENT=@@CHARACTER_SET_CLIENT */;
/*!40101 SET @OLD_CHARACTER_SET_RESULTS=@@CHARACTER_SET_RESULTS */;
/*!40101 SET @OLD_COLLATION_CONNECTION=@@COLLATION_CONNECTION */;
/*!40101 SET NAMES utf8mb4 */;
/*!40103 SET @OLD_TIME_ZONE=@@TIME_ZONE */;
/*!40103 SET TIME_ZONE='+00:00' */;
/*!40014 SET @OLD_UNIQUE_CHECKS=@@UNIQUE_CHECKS, UNIQUE_CHECKS=0 */;
/*!40014 SET @OLD_FOREIGN_KEY_CHECKS=@@FOREIGN_KEY_CHECKS, FOREIGN_KEY_CHECKS=0 */;
/*!40101 SET @OLD_SQL_MODE=@@SQL_MODE, SQL_MODE='NO_AUTO_VALUE_ON_ZERO' */;
/*!40111 SET @OLD_SQL_NOTES=@@SQL_NOTES, SQL_NOTES=0 */;

--
-- Table structure for table `districts`
--

DROP TABLE IF EXISTS `districts`;
/*!40101 SET @saved_cs_client     = @@character_set_client */;
/*!40101 SET character_set_client = utf8 */;
CREATE TABLE `districts` (
  `id` int(11) NOT NULL AUTO_INCREMENT,
  `state_id` int(11) NOT NULL,
  `name` varchar(100) NOT NULL,
  PRIMARY KEY (`id`),
  KEY `districts_ibfk_1` (`state_id`),
  CONSTRAINT `districts_ibfk_1` FOREIGN KEY (`state_id`) REFERENCES `states` (`id`)
) ENGINE=InnoDB AUTO_INCREMENT=1024 DEFAULT CHARSET=utf8mb4 COLLATE=utf8mb4_general_ci;
/*!40101 SET character_set_client = @saved_cs_client */;

--
-- Dumping data for table `districts`
--

LOCK TABLES `districts` WRITE;
/*!40000 ALTER TABLE `districts` DISABLE KEYS */;
INSERT INTO `districts` VALUES (1,1,'Alluri Sitarama Raju'),(2,1,'Anakapalli'),(3,1,'Anantapur'),(4,1,'Annamaya'),(5,1,'Bapatla'),(6,1,'Chittoor'),(7,1,'East Godavari'),(8,1,'Eluru'),(9,1,'Guntur'),(10,1,'Kadapa'),(11,1,'Kakinada'),(12,1,'Konaseema'),(13,1,'Krishna'),(14,1,'Kurnool'),(15,1,'Manyam'),(16,1,'N T Rama Rao'),(17,1,'Nandyal'),(18,1,'Nellore'),(19,1,'Palnadu'),(20,1,'Prakasam'),(21,1,'Sri Balaji'),(22,1,'Sri Satya Sai'),(23,1,'Srikakulam'),(24,1,'Visakhapatnam'),(25,1,'Vizianagaram'),(26,1,'West Godavari'),(27,2,'Anjaw'),(28,2,'Bichom'),(29,2,'Changlang'),(30,2,'Dibang Valley'),(31,2,'East Kameng'),(32,2,'East Siang'),(33,2,'Kamle'),(34,2,'Keyi Panyor'),(35,2,'Kra Daadi'),(36,2,'Kurung Kumey'),(37,2,'Lepa Rada'),(38,2,'Lohit'),(39,2,'Longding'),(40,2,'Lower Dibang Valley'),(41,2,'Lower Siang'),(42,2,'Lower Subansiri'),(43,2,'Namsai'),(44,2,'Pakke Kessang'),(45,2,'Papum Pare'),(46,2,'Shi Yomi'),(47,2,'Siang'),(48,2,'Tawang'),(49,2,'Tirap'),(50,2,'Upper Siang'),(51,2,'Upper Subansiri'),(52,2,'West Kameng'),(53,2,'West Siang'),(54,3,'Bajali'),(55,3,'Baksa'),(56,3,'Barpeta'),(57,3,'Biswanath'),(58,3,'Bongaigaon'),(59,3,'Cachar'),(60,3,'Charaideo'),(61,3,'Chirang'),(62,3,'Darrang'),(63,3,'Dhemaji'),(64,3,'Dhubri'),(65,3,'Dibrugarh'),(66,3,'Dima Hasao'),(67,3,'Goalpara'),(68,3,'Golaghat'),(69,3,'Hailakandi'),(70,3,'Hojai'),(71,3,'Jorhat'),(72,3,'Kamrup Metropolitan'),(73,3,'Kamrup Rural'),(74,3,'Karbi Anglong'),(75,3,'Karimganj'),(76,3,'Kokrajhar'),(77,3,'Lakhimpur'),(78,3,'Majuli'),(79,3,'Morigaon'),(80,3,'Nagaon'),(81,3,'Nalbari'),(82,3,'Sivasagar'),(83,3,'Sonitpur'),(84,3,'South Salmara-Mankachar'),(85,3,'Tamulpur'),(86,3,'Tinsukia'),(87,3,'Udalguri'),(88,3,'West Karbi Anglong'),(89,4,'Araria'),(90,4,'Arwal'),(91,4,'Aurangabad'),(92,4,'Banka'),(93,4,'Begusarai'),(94,4,'Bhagalpur'),(95,4,'Bhojpur'),(96,4,'Buxar'),(97,4,'Darbhanga'),(98,4,'East Champaran'),(99,4,'Gaya'),(100,4,'Gopalganj'),(101,4,'Jamui'),(102,4,'Jehanabad'),(103,4,'Kaimur'),(104,4,'Katihar'),(105,4,'Khagaria'),(106,4,'Kishanganj'),(107,4,'Lakhisarai'),(108,4,'Madhepura'),(109,4,'Madhubani'),(110,4,'Munger'),(111,4,'Muzaffarpur'),(112,4,'Nalanda'),(113,4,'Nawada'),(114,4,'Patna'),(115,4,'Purnia'),(116,4,'Rohtas'),(117,4,'Saharsa'),(118,4,'Samastipur'),(119,4,'Saran'),(120,4,'Sheikhpura'),(121,4,'Sheohar'),(122,4,'Sitamarhi'),(123,4,'Siwan'),(124,4,'Supaul'),(125,4,'Vaishali'),(126,4,'West Champaran'),(127,5,'Balod'),(128,5,'Baloda Bazar'),(129,5,'Balrampur'),(130,5,'Bastar'),(131,5,'Bemetara'),(132,5,'Bijapur'),(133,5,'Bilaspur'),(134,5,'Dantewada'),(135,5,'Dhamtari'),(136,5,'Durg'),(137,5,'Gariaband'),(138,5,'Gaurela Pendra Marwahi'),(139,5,'Janjgir Champa'),(140,5,'Jashpur'),(141,5,'Kabirdham'),(142,5,'Kanker'),(143,5,'Khairagarh'),(144,5,'Kondagaon'),(145,5,'Korba'),(146,5,'Koriya'),(147,5,'Mahasamund'),(148,5,'Manendragarh'),(149,5,'Mohla Manpur'),(150,5,'Mungeli'),(151,5,'Narayanpur'),(152,5,'Raigarh'),(153,5,'Raipur'),(154,5,'Rajnandgaon'),(155,5,'Sakti'),(156,5,'Sarangarh Bilaigarh'),(157,5,'Sukma'),(158,5,'Surajpur'),(159,5,'Surguja'),(160,6,'North Goa'),(161,6,'South Goa'),(162,7,'Ahmedabad'),(163,7,'Amreli'),(164,7,'Anand'),(165,7,'Aravalli'),(166,7,'Banaskantha'),(167,7,'Bharuch'),(168,7,'Bhavnagar'),(169,7,'Botad'),(170,7,'Chhota Udaipur'),(171,7,'Dahod'),(172,7,'Dang'),(173,7,'Devbhoomi Dwarka'),(174,7,'Gandhinagar'),(175,7,'Gir Somnath'),(176,7,'Jamnagar'),(177,7,'Junagadh'),(178,7,'Kheda'),(179,7,'Kutch'),(180,7,'Mahisagar'),(181,7,'Mehsana'),(182,7,'Morbi'),(183,7,'Narmada'),(184,7,'Navsari'),(185,7,'Panchmahal'),(186,7,'Patan'),(187,7,'Porbandar'),(188,7,'Rajkot'),(189,7,'Sabarkantha'),(190,7,'Surat'),(191,7,'Surendranagar'),(192,7,'Tapi'),(193,7,'Vadodara'),(194,7,'Valsad'),(195,8,'Ambala'),(196,8,'Bhiwani'),(197,8,'Charkhi Dadri'),(198,8,'Faridabad'),(199,8,'Fatehabad'),(200,8,'Gurugram'),(201,8,'Hisar'),(202,8,'Jhajjar'),(203,8,'Jind'),(204,8,'Kaithal'),(205,8,'Karnal'),(206,8,'Kurukshetra'),(207,8,'Mahendragarh'),(208,8,'Nuh'),(209,8,'Palwal'),(210,8,'Panchkula'),(211,8,'Panipat'),(212,8,'Rewari'),(213,8,'Rohtak'),(214,8,'Sirsa'),(215,8,'Sonipat'),(216,8,'Yamunanagar'),(217,9,'Bilaspur'),(218,9,'Chamba'),(219,9,'Hamirpur'),(220,9,'Kangra'),(221,9,'Kinnaur'),(222,9,'Kullu'),(223,9,'Lahaul Spiti'),(224,9,'Mandi'),(225,9,'Shimla'),(226,9,'Sirmaur'),(227,9,'Solan'),(228,9,'Una'),(229,10,'Bokaro'),(230,10,'Chatra'),(231,10,'Deoghar'),(232,10,'Dhanbad'),(233,10,'Dumka'),(234,10,'East Singhbhum'),(235,10,'Garhwa'),(236,10,'Giridih'),(237,10,'Godda'),(238,10,'Gumla'),(239,10,'Hazaribagh'),(240,10,'Jamtara'),(241,10,'Khunti'),(242,10,'Koderma'),(243,10,'Latehar'),(244,10,'Lohardaga'),(245,10,'Pakur'),(246,10,'Palamu'),(247,10,'Ramgarh'),(248,10,'Ranchi'),(249,10,'Sahebganj'),(250,10,'Seraikela Kharsawan'),(251,10,'Simdega'),(252,10,'West Singhbhum'),(253,11,'Bagalkot'),(254,11,'Bangalore Rural'),(255,11,'Bangalore Urban'),(256,11,'Belgaum'),(257,11,'Bellary'),(258,11,'Bidar'),(259,11,'Chamarajanagar'),(260,11,'Chikkaballapur'),(261,11,'Chikkamagaluru'),(262,11,'Chitradurga'),(263,11,'Dakshina Kannada'),(264,11,'Davanagere'),(265,11,'Dharwad'),(266,11,'Gadag'),(267,11,'Hassan'),(268,11,'Haveri'),(269,11,'Kalaburagi'),(270,11,'Kodagu'),(271,11,'Kolar'),(272,11,'Koppal'),(273,11,'Mandya'),(274,11,'Mysore'),(275,11,'Raichur'),(276,11,'Ramanagara'),(277,11,'Shimoga'),(278,11,'Tumkur'),(279,11,'Udupi'),(280,11,'Uttara Kannada'),(281,11,'Vijayanagara'),(282,11,'Vijayapura'),(283,11,'Yadgir'),(284,12,'Alappuzha'),(285,12,'Ernakulam'),(286,12,'Idukki'),(287,12,'Kannur'),(288,12,'Kasaragod'),(289,12,'Kollam'),(290,12,'Kottayam'),(291,12,'Kozhikode'),(292,12,'Malappuram'),(293,12,'Palakkad'),(294,12,'Pathanamthitta'),(295,12,'Thiruvananthapuram'),(296,12,'Thrissur'),(297,12,'Wayanad'),(298,13,'Agar Malwa'),(299,13,'Alirajpur'),(300,13,'Anuppur'),(301,13,'Ashoknagar'),(302,13,'Balaghat'),(303,13,'Barwani'),(304,13,'Betul'),(305,13,'Bhind'),(306,13,'Bhopal'),(307,13,'Burhanpur'),(308,13,'Chhatarpur'),(309,13,'Chhindwara'),(310,13,'Damoh'),(311,13,'Datia'),(312,13,'Dewas'),(313,13,'Dhar'),(314,13,'Dindori'),(315,13,'Guna'),(316,13,'Gwalior'),(317,13,'Harda'),(318,13,'Hoshangabad'),(319,13,'Indore'),(320,13,'Jabalpur'),(321,13,'Jhabua'),(322,13,'Katni'),(323,13,'Khandwa'),(324,13,'Khargone'),(325,13,'Maihar'),(326,13,'Mandla'),(327,13,'Mandsaur'),(328,13,'Mauganj'),(329,13,'Morena'),(330,13,'Narsinghpur'),(331,13,'Neemuch'),(332,13,'Niwari'),(333,13,'Pandhurna'),(334,13,'Panna'),(335,13,'Raisen'),(336,13,'Rajgarh'),(337,13,'Ratlam'),(338,13,'Rewa'),(339,13,'Sagar'),(340,13,'Satna'),(341,13,'Sehore'),(342,13,'Seoni'),(343,13,'Shahdol'),(344,13,'Shajapur'),(345,13,'Sheopur'),(346,13,'Shivpuri'),(347,13,'Sidhi'),(348,13,'Singrauli'),(349,13,'Tikamgarh'),(350,13,'Ujjain'),(351,13,'Umaria'),(352,13,'Vidisha'),(353,14,'Ahmednagar'),(354,14,'Akola'),(355,14,'Amravati'),(356,14,'Aurangabad'),(357,14,'Beed'),(358,14,'Bhandara'),(359,14,'Buldhana'),(360,14,'Chandrapur'),(361,14,'Dhule'),(362,14,'Gadchiroli'),(363,14,'Gondia'),(364,14,'Hingoli'),(365,14,'Jalgaon'),(366,14,'Jalna'),(367,14,'Kolhapur'),(368,14,'Latur'),(369,14,'Mumbai City'),(370,14,'Mumbai Suburban'),(371,14,'Nagpur'),(372,14,'Nanded'),(373,14,'Nandurbar'),(374,14,'Nashik'),(375,14,'Osmanabad'),(376,14,'Palghar'),(377,14,'Parbhani'),(378,14,'Pune'),(379,14,'Raigad'),(380,14,'Ratnagiri'),(381,14,'Sangli'),(382,14,'Satara'),(383,14,'Sindhudurg'),(384,14,'Solapur'),(385,14,'Thane'),(386,14,'Wardha'),(387,14,'Washim'),(388,14,'Yavatmal'),(389,15,'Bishnupur'),(390,15,'Chandel'),(391,15,'Churachandpur'),(392,15,'Imphal East'),(393,15,'Imphal West'),(394,15,'Jiribam'),(395,15,'Kakching'),(396,15,'Kamjong'),(397,15,'Kangpokpi'),(398,15,'Noney'),(399,15,'Pherzawl'),(400,15,'Senapati'),(401,15,'Tamenglong'),(402,15,'Tengnoupal'),(403,15,'Thoubal'),(404,15,'Ukhrul'),(405,16,'East Garo Hills'),(406,16,'East Jaintia Hills'),(407,16,'East Khasi Hills'),(408,16,'Mairang'),(409,16,'North Garo Hills'),(410,16,'Ri Bhoi'),(411,16,'South Garo Hills'),(412,16,'South West Garo Hills'),(413,16,'South West Khasi Hills'),(414,16,'West Garo Hills'),(415,16,'West Jaintia Hills'),(416,16,'West Khasi Hills'),(417,17,'Aizawl'),(418,17,'Champhai'),(419,17,'Hnahthial'),(420,17,'Khawzawl'),(421,17,'Kolasib'),(422,17,'Lawngtlai'),(423,17,'Lunglei'),(424,17,'Mamit'),(425,17,'Saiha'),(426,17,'Saitual'),(427,17,'Serchhip'),(428,18,'Chumukedima'),(429,18,'Dimapur'),(430,18,'Kiphire'),(431,18,'Kohima'),(432,18,'Longleng'),(433,18,'Mokokchung'),(434,18,'Mon'),(435,18,'Niuland'),(436,18,'Noklak'),(437,18,'Peren'),(438,18,'Phek'),(439,18,'Shamator'),(440,18,'Tseminyu'),(441,18,'Tuensang'),(442,18,'Wokha'),(443,18,'Zunheboto'),(444,19,'Angul'),(445,19,'Balangir'),(446,19,'Balasore'),(447,19,'Bargarh'),(448,19,'Bhadrak'),(449,19,'Boudh'),(450,19,'Cuttack'),(451,19,'Debagarh'),(452,19,'Dhenkanal'),(453,19,'Gajapati'),(454,19,'Ganjam'),(455,19,'Jagatsinghpur'),(456,19,'Jajpur'),(457,19,'Jharsuguda'),(458,19,'Kalahandi'),(459,19,'Kandhamal'),(460,19,'Kendrapara'),(461,19,'Kendujhar'),(462,19,'Khordha'),(463,19,'Koraput'),(464,19,'Malkangiri'),(465,19,'Mayurbhanj'),(466,19,'Nabarangpur'),(467,19,'Nayagarh'),(468,19,'Nuapada'),(469,19,'Puri'),(470,19,'Rayagada'),(471,19,'Sambalpur'),(472,19,'Subarnapur'),(473,19,'Sundergarh'),(474,20,'Amritsar'),(475,20,'Barnala'),(476,20,'Bathinda'),(477,20,'Faridkot'),(478,20,'Fatehgarh Sahib'),(479,20,'Fazilka'),(480,20,'Firozpur'),(481,20,'Gurdaspur'),(482,20,'Hoshiarpur'),(483,20,'Jalandhar'),(484,20,'Kapurthala'),(485,20,'Ludhiana'),(486,20,'Malerkotla'),(487,20,'Mansa'),(488,20,'Moga'),(489,20,'Mohali'),(490,20,'Muktsar'),(491,20,'Pathankot'),(492,20,'Patiala'),(493,20,'Rupnagar'),(494,20,'Sangrur'),(495,20,'Shaheed Bhagat Singh Nagar'),(496,20,'Tarn Taran'),(497,21,'Ajmer'),(498,21,'Alwar'),(499,21,'Anupgarh'),(500,21,'Balotra'),(501,21,'Banswara'),(502,21,'Baran'),(503,21,'Barmer'),(504,21,'Beawar'),(505,21,'Bharatpur'),(506,21,'Bhilwara'),(507,21,'Bikaner'),(508,21,'Bundi'),(509,21,'Chittorgarh'),(510,21,'Churu'),(511,21,'Dausa'),(512,21,'Deeg'),(513,21,'Dholpur'),(514,21,'Didwana Kuchaman'),(515,21,'Dudu'),(516,21,'Dungarpur'),(517,21,'Gangapur City'),(518,21,'Hanumangarh'),(519,21,'Jaipur'),(520,21,'Jaipur Rural'),(521,21,'Jaisalmer'),(522,21,'Jalore'),(523,21,'Jhalawar'),(524,21,'Jhunjhunu'),(525,21,'Jodhpur'),(526,21,'Jodhpur Rural'),(527,21,'Karauli'),(528,21,'Kekri'),(529,21,'Khairthal Tijara'),(530,21,'Kota'),(531,21,'Kotputli Behror'),(532,21,'Nagaur'),(533,21,'Neem ka Thana'),(534,21,'Pali'),(535,21,'Phalodi'),(536,21,'Pratapgarh'),(537,21,'Rajsamand'),(538,21,'Salumbar'),(539,21,'Sanchore'),(540,21,'Sawai Madhopur'),(541,21,'Shahpura'),(542,21,'Sikar'),(543,21,'Sirohi'),(544,21,'Sri Ganganagar'),(545,21,'Tonk'),(546,21,'Udaipur'),(547,22,'East Sikkim'),(548,22,'North Sikkim'),(549,22,'Pakyong'),(550,22,'Soreng'),(551,22,'South Sikkim'),(552,22,'West Sikkim'),(553,23,'Ariyalur'),(554,23,'Chengalpattu'),(555,23,'Chennai'),(556,23,'Coimbatore'),(557,23,'Cuddalore'),(558,23,'Dharmapuri'),(559,23,'Dindigul'),(560,23,'Erode'),(561,23,'Kallakurichi'),(562,23,'Kanchipuram'),(563,23,'Kanyakumari'),(564,23,'Karur'),(565,23,'Krishnagiri'),(566,23,'Madurai'),(567,23,'Mayiladuthurai'),(568,23,'Nagapattinam'),(569,23,'Namakkal'),(570,23,'Nilgiris'),(571,23,'Perambalur'),(572,23,'Pudukkottai'),(573,23,'Ramanathapuram'),(574,23,'Ranipet'),(575,23,'Salem'),(576,23,'Sivaganga'),(577,23,'Tenkasi'),(578,23,'Thanjavur'),(579,23,'Theni'),(580,23,'Thoothukudi'),(581,23,'Tiruchirappalli'),(582,23,'Tirunelveli'),(583,23,'Tirupattur'),(584,23,'Tiruppur'),(585,23,'Tiruvallur'),(586,23,'Tiruvannamalai'),(587,23,'Tiruvarur'),(588,23,'Vellore'),(589,23,'Viluppuram'),(590,23,'Virudhunagar'),(591,24,'Adilabad'),(592,24,'Bhadradri Kothagudem'),(593,24,'Hanamkonda'),(594,24,'Hyderabad'),(595,24,'Jagtial'),(596,24,'Jangaon'),(597,24,'Jayashankar'),(598,24,'Jogulamba'),(599,24,'Kamareddy'),(600,24,'Karimnagar'),(601,24,'Khammam'),(602,24,'Komaram Bheem'),(603,24,'Mahabubabad'),(604,24,'Mahbubnagar'),(605,24,'Mancherial'),(606,24,'Medak'),(607,24,'Medchal Malkajgiri'),(608,24,'Mulugu'),(609,24,'Nagarkurnool'),(610,24,'Nalgonda'),(611,24,'Narayanpet'),(612,24,'Nirmal'),(613,24,'Nizamabad'),(614,24,'Peddapalli'),(615,24,'Rajanna Sircilla'),(616,24,'Ranga Reddy'),(617,24,'Sangareddy'),(618,24,'Siddipet'),(619,24,'Suryapet'),(620,24,'Vikarabad'),(621,24,'Wanaparthy'),(622,24,'Warangal'),(623,24,'Yadadri Bhuvanagiri'),(624,25,'Dhalai'),(625,25,'Gomati'),(626,25,'Khowai'),(627,25,'North Tripura'),(628,25,'Sepahijala'),(629,25,'South Tripura'),(630,25,'Unakoti'),(631,25,'West Tripura'),(632,26,'Agra'),(633,26,'Aligarh'),(634,26,'Ambedkar Nagar'),(635,26,'Amethi'),(636,26,'Amroha'),(637,26,'Auraiya'),(638,26,'Ayodhya'),(639,26,'Azamgarh'),(640,26,'Baghpat'),(641,26,'Bahraich'),(642,26,'Ballia'),(643,26,'Balrampur'),(644,26,'Banda'),(645,26,'Barabanki'),(646,26,'Bareilly'),(647,26,'Basti'),(648,26,'Bhadohi'),(649,26,'Bijnor'),(650,26,'Budaun'),(651,26,'Bulandshahr'),(652,26,'Chandauli'),(653,26,'Chitrakoot'),(654,26,'Deoria'),(655,26,'Etah'),(656,26,'Etawah'),(657,26,'Farrukhabad'),(658,26,'Fatehpur'),(659,26,'Firozabad'),(660,26,'Gautam Buddha Nagar'),(661,26,'Ghaziabad'),(662,26,'Ghazipur'),(663,26,'Gonda'),(664,26,'Gorakhpur'),(665,26,'Hamirpur'),(666,26,'Hapur'),(667,26,'Hardoi'),(668,26,'Hathras'),(669,26,'Jalaun'),(670,26,'Jaunpur'),(671,26,'Jhansi'),(672,26,'Kannauj'),(673,26,'Kanpur Dehat'),(674,26,'Kanpur Nagar'),(675,26,'Kasganj'),(676,26,'Kaushambi'),(677,26,'Kushinagar'),(678,26,'Lakhimpur Kheri'),(679,26,'Lalitpur'),(680,26,'Lucknow'),(681,26,'Maharajganj'),(682,26,'Mahoba'),(683,26,'Mainpuri'),(684,26,'Mathura'),(685,26,'Mau'),(686,26,'Meerut'),(687,26,'Mirzapur'),(688,26,'Moradabad'),(689,26,'Muzaffarnagar'),(690,26,'Pilibhit'),(691,26,'Pratapgarh'),(692,26,'Prayagraj'),(693,26,'Raebareli'),(694,26,'Rampur'),(695,26,'Saharanpur'),(696,26,'Sambhal'),(697,26,'Sant Kabir Nagar'),(698,26,'Shahjahanpur'),(699,26,'Shamli'),(700,26,'Shravasti'),(701,26,'Siddharthnagar'),(702,26,'Sitapur'),(703,26,'Sonbhadra'),(704,26,'Sultanpur'),(705,26,'Unnao'),(706,26,'Varanasi'),(707,27,'Almora'),(708,27,'Bageshwar'),(709,27,'Chamoli'),(710,27,'Champawat'),(711,27,'Dehradun'),(712,27,'Haridwar'),(713,27,'Nainital'),(714,27,'Pauri'),(715,27,'Pithoragarh'),(716,27,'Rudraprayag'),(717,27,'Tehri'),(718,27,'Udham Singh Nagar'),(719,27,'Uttarkashi'),(720,28,'Alipurduar'),(721,28,'Bankura'),(722,28,'Birbhum'),(723,28,'Cooch Behar'),(724,28,'Dakshin Dinajpur'),(725,28,'Darjeeling'),(726,28,'Hooghly'),(727,28,'Howrah'),(728,28,'Jalpaiguri'),(729,28,'Jhargram'),(730,28,'Kalimpong'),(731,28,'Kolkata'),(732,28,'Malda'),(733,28,'Murshidabad'),(734,28,'Nadia'),(735,28,'North 24 Parganas'),(736,28,'Paschim Bardhaman'),(737,28,'Paschim Medinipur'),(738,28,'Purba Bardhaman'),(739,28,'Purba Medinipur'),(740,28,'Purulia'),(741,28,'South 24 Parganas'),(742,28,'Uttar Dinajpur');
/*!40000 ALTER TABLE `districts` ENABLE KEYS */;
UNLOCK TABLES;

--
-- Table structure for table `states`
--

DROP TABLE IF EXISTS `states`;
/*!40101 SET @saved_cs_client     = @@character_set_client */;
/*!40101 SET character_set_client = utf8 */;
CREATE TABLE `states` (
  `id` int(11) NOT NULL,
  `name` varchar(100) NOT NULL,
  PRIMARY KEY (`id`)
) ENGINE=InnoDB DEFAULT CHARSET=utf8mb4 COLLATE=utf8mb4_general_ci;
/*!40101 SET character_set_client = @saved_cs_client */;

--
-- Dumping data for table `states`
--

LOCK TABLES `states` WRITE;
/*!40000 ALTER TABLE `states` DISABLE KEYS */;
INSERT INTO `states` VALUES (1,'Andhra Pradesh'),(2,'Arunachal Pradesh'),(3,'Assam'),(4,'Bihar'),(5,'Chhattisgarh'),(6,'Goa'),(7,'Gujarat'),(8,'Haryana'),(9,'Himachal Pradesh'),(10,'Jharkhand'),(11,'Karnataka'),(12,'Kerala'),(13,'Madhya Pradesh'),(14,'Maharashtra'),(15,'Manipur'),(16,'Meghalaya'),(17,'Mizoram'),(18,'Nagaland'),(19,'Odisha'),(20,'Punjab'),(21,'Rajasthan'),(22,'Sikkim'),(23,'Tamil Nadu'),(24,'Telangana'),(25,'Tripura'),(26,'Uttar Pradesh'),(27,'Uttarakhand'),(28,'West Bengal'),(29,'Andaman and Nicobar Islands'),(30,'Chandigarh'),(31,'Dadra and Nagar Haveli and Daman and Diu'),(32,'Delhi'),(33,'Jammu and Kashmir'),(34,'Ladakh'),(35,'Lakshadweep'),(36,'Puducherry');
/*!40000 ALTER TABLE `states` ENABLE KEYS */;
UNLOCK TABLES;

--
-- Table structure for table `talukas`
--

DROP TABLE IF EXISTS `talukas`;
/*!40101 SET @saved_cs_client     = @@character_set_client */;
/*!40101 SET character_set_client = utf8 */;
CREATE TABLE `talukas` (
  `id` int(11) NOT NULL AUTO_INCREMENT,
  `district_id` int(11) NOT NULL,
  `name` varchar(150) NOT NULL,
  PRIMARY KEY (`id`),
  KEY `idx_district_id` (`district_id`),
  CONSTRAINT `fk_talukas_districts` FOREIGN KEY (`district_id`) REFERENCES `districts` (`id`) ON UPDATE CASCADE
) ENGINE=InnoDB AUTO_INCREMENT=5450 DEFAULT CHARSET=utf8mb4 COLLATE=utf8mb4_general_ci;
/*!40101 SET character_set_client = @saved_cs_client */;

--
-- Dumping data for table `talukas`
--

LOCK TABLES `talukas` WRITE;
/*!40000 ALTER TABLE `talukas` DISABLE KEYS */;
INSERT INTO `talukas` VALUES (1,372,'Ardhapur'),(2,372,'Bhokar'),(3,372,'Biloli'),(4,372,'Deglur'),(5,372,'Dharmabad'),(6,372,'Hadgaon'),(7,372,'Himayatnagar'),(8,372,'Kandhar'),(9,372,'Kinwat'),(10,372,'Loha'),(11,372,'Mahoor'),(12,372,'Mudkhed'),(13,372,'Mukhed'),(14,372,'Naigaon (Khairgaon)'),(15,372,'Nanded'),(16,372,'Umri'),(17,475,'Sopore'),(18,475,'Rafiabad'),(19,475,'Pattan'),(20,475,'Baramulla'),(21,475,'Kreeri'),(22,475,'Uri'),(23,475,'Boniyar'),(24,475,'Tangmarg'),(25,546,'Udhampur'),(26,546,'Chenani'),(27,546,'Ramnagar'),(28,546,'Majalta'),(29,101,'Akhnoor'),(30,101,'Jammu'),(31,101,'Ranbir Singh Pora'),(32,101,'Bishnah'),(33,696,'Samba'),(34,218,'Pangi'),(35,218,'Chaurah'),(36,218,'Saluni'),(37,218,'Bhalai'),(38,218,'Dalhousie'),(39,218,'Bhattiyat'),(40,218,'Sihunta'),(41,218,'Chamba'),(42,218,'Holi'),(43,218,'Brahmaur'),(44,220,'Nurpur'),(45,220,'Indora'),(46,220,'Fatehpur'),(47,220,'Jawali'),(48,220,'Harchakian'),(49,220,'Shahpur'),(50,220,'Dharmsala'),(51,220,'Kangra'),(52,220,'Nagrota Bagwan'),(53,220,'Baroh'),(54,220,'Dera Gopipur'),(55,220,'Jawalamukhi'),(56,220,'Jaswan'),(57,220,'Rakkar'),(58,220,'Khundian'),(59,220,'Thural'),(60,220,'Dhira'),(61,220,'Jaisinghpur'),(62,220,'Palampur'),(63,220,'Baijnath'),(64,220,'Multhan'),(65,223,'Udaipur'),(66,223,'Lahul'),(67,223,'Spiti'),(68,222,'Manali'),(69,222,'Kullu'),(70,222,'Sainj'),(71,222,'Banjar'),(72,222,'Ani'),(73,222,'Nermand'),(74,224,'Padhar'),(75,224,'Jogindarnagar'),(76,224,'Lad Bharol'),(77,224,'Sandhol'),(78,224,'Dharmpur'),(79,224,'Kotli'),(80,224,'Sarkaghat'),(81,224,'Bhadrota'),(82,224,'Baldwara'),(83,224,'Sundarnagar'),(84,224,'Mandi'),(85,224,'Aut'),(86,224,'Bali Chowki'),(87,224,'Thunag'),(88,224,'Chachyot'),(89,224,'Nihri'),(90,224,'Karsog'),(91,665,'Tira Sujanpur'),(92,665,'Nadaun'),(93,665,'Galore'),(94,665,'Hamirpur'),(95,665,'Barsar'),(96,665,'Dhatwal'),(97,665,'Bhoranj'),(98,228,'Bharwain'),(99,228,'Amb'),(100,228,'Bangana'),(101,228,'Una'),(102,228,'Haroli'),(103,217,'Ghumarwin'),(104,217,'Bharari'),(105,217,'Jhanduta'),(106,217,'Naina Devi'),(107,217,'Bilaspur Sadar'),(108,217,'Namhol'),(109,227,'Arki'),(110,227,'Darlaghat'),(111,227,'Ramshahr'),(112,227,'Nalagarh'),(113,227,'Baddi'),(114,227,'Krishangarh'),(115,227,'Kasauli'),(116,227,'Solan'),(117,227,'Kandaghat'),(118,226,'Rajgarh'),(119,226,'Nohra'),(120,226,'Pachhad'),(121,226,'Renuka'),(122,226,'Dadahu'),(123,226,'Nahan'),(124,226,'Paonta Sahib'),(125,226,'Kamrau'),(126,226,'Shalai'),(127,226,'Ronhat'),(128,225,'Rampur'),(129,225,'Nankhari'),(130,225,'Kumharsain'),(131,225,'Seoni'),(132,225,'Shimla   ( Rural )'),(133,225,'Shimla (urban)'),(134,225,'Junga'),(135,225,'Theog'),(136,225,'Chaupal'),(137,225,'Cheta'),(138,225,'Nerua'),(139,225,'Jubbal'),(140,225,'Kotkhai'),(141,225,'Tikar'),(142,225,'Rohru'),(143,225,'Chirgaon'),(144,225,'Dodra Kwar'),(145,221,'Hangrang'),(146,221,'Poo'),(147,221,'Morang'),(148,221,'Kalpa'),(149,221,'Nichar'),(150,221,'Sangla'),(151,481,'Dhar Kalan'),(152,481,'Pathankot'),(153,481,'Gurdaspur'),(154,481,'Batala'),(155,481,'Dera Baba Nanak'),(156,484,'Bhulath'),(157,484,'Kapurthala'),(158,484,'Sultanpur Lodhi'),(159,484,'Phagwara'),(160,483,'Shahkot'),(161,483,'Nakodar'),(162,483,'Phillaur'),(163,483,'Jalandhar - I'),(164,483,'Jalandhar - II'),(165,482,'Dasua'),(166,482,'Mukerian'),(167,482,'Hoshiarpur'),(168,482,'Garhshankar'),(169,495,'Nawanshahr'),(170,495,'Balachaur'),(171,478,'Bassi Pathana'),(172,478,'Fatehgarh Sahib'),(173,478,'Amloh'),(174,478,'Khamanon'),(175,485,'Samrala'),(176,485,'Khanna'),(177,485,'Payal'),(178,485,'Ludhiana (East)'),(179,485,'Ludhiana (West)'),(180,485,'Raikot'),(181,485,'Jagraon'),(182,488,'Nihal Singhwala'),(183,488,'Bagha Purana'),(184,488,'Moga'),(185,480,'Zira'),(186,480,'Firozpur'),(187,480,'Jalalabad'),(188,480,'Fazilka'),(189,480,'Abohar'),(190,490,'Malout'),(191,490,'Gidderbaha'),(192,490,'Muktsar'),(193,477,'Faridkot'),(194,477,'Jaitu'),(195,476,'Rampura Phul'),(196,476,'Bathinda'),(197,476,'Talwandi Sabo'),(198,487,'Sardulgarh'),(199,487,'Budhlada'),(200,487,'Mansa'),(201,492,'Samana'),(202,492,'Patran'),(203,492,'Nabha'),(204,492,'Patiala'),(205,492,'Rajpura'),(206,474,'Ajnala'),(207,474,'Amritsar -I'),(208,474,'Amritsar- II'),(209,474,'Baba Bakala'),(210,496,'Tarn Taran'),(211,496,'Patti'),(212,496,'Khadur Sahib'),(213,493,'Anandpur Sahib'),(214,493,'Nangal'),(215,493,'Rup Nagar'),(216,493,'Chamkaur Sahib'),(217,494,'Malerkotla'),(218,494,'Dhuri'),(219,494,'Sangrur'),(220,494,'Sunam'),(221,494,'Lehra'),(222,494,'Moonak'),(223,475,'Barnala'),(224,475,'Tapa'),(225,719,'Puraula'),(226,719,'Mori'),(227,719,'Rajgarhi'),(228,719,'Dunda'),(229,719,'Chinyali Saur'),(230,719,'Bhatwari'),(231,709,'Joshimath'),(232,709,'Chamoli'),(233,709,'Pokhari'),(234,709,'Karnaprayag'),(235,709,'Tharali'),(236,709,'Gairsain'),(237,716,'Ukhimath'),(238,716,'Rudraprayag'),(239,716,'Jakholi*'),(240,711,'Chakrata'),(241,711,'Tyuni'),(242,711,'Kalsi'),(243,711,'Vikas Nagar'),(244,711,'Dehradun'),(245,711,'Rishikesh'),(246,235,'Srinagar'),(247,235,'Pauri'),(248,235,'Thailisain'),(249,235,'Dhoomakot'),(250,235,'Lansdowne'),(251,235,'Satpuli'),(252,235,'Chaubatta Khal'),(253,235,'Kotdwara'),(254,235,'Yamkeshwar'),(255,715,'Munsiari'),(256,715,'Dharchula'),(257,715,'Didihat'),(258,715,'Berinag'),(259,715,'Gangolihat'),(260,715,'Pithoragarh'),(261,708,'Kapkot'),(262,708,'Kanda'),(263,708,'Bageshwar'),(264,708,'Garud'),(265,707,'Bhikiasain'),(266,707,'Chaukhutiya'),(267,707,'Sult'),(268,707,'Ranikhet'),(269,707,'Dwarahat'),(270,707,'Almora'),(271,707,'Someshwar'),(272,707,'Jainti'),(273,707,'Bhanoli'),(274,710,'Champawat'),(275,710,'Pati'),(276,710,'Lohaghat'),(277,710,'Poornagiri'),(278,713,'Kosya Kutauli'),(279,713,'Betalghat'),(280,713,'Nainital'),(281,713,'Dhari'),(282,713,'Haldwani'),(283,713,'Ramnagar'),(284,713,'Kaladhungi'),(285,713,'Lalkuan'),(286,718,'Kashipur'),(287,718,'Jaspur'),(288,718,'Bajpur'),(289,718,'Kichha'),(290,718,'Gadarpur'),(291,718,'Sitarganj'),(292,718,'Khatima'),(293,712,'Roorkee'),(294,712,'Hardwar'),(295,712,'Laksar'),(296,210,'Kalka'),(297,210,'Panchkula'),(298,195,'Naraingarh'),(299,195,'Ambala'),(300,195,'Barara'),(301,216,'Jagadhri'),(302,216,'Bilaspur'),(303,216,'Chhachhrauli'),(304,206,'Shahbad'),(305,206,'Pehowa'),(306,206,'Thanesar'),(307,204,'Guhla'),(308,204,'Kaithal'),(309,204,'Fatehpur Pundri'),(310,205,'Nilokheri'),(311,205,'Indri'),(312,205,'Karnal'),(313,205,'Assandh'),(314,205,'Gharaunda'),(315,211,'Panipat'),(316,211,'Israna'),(317,211,'Samalkha'),(318,215,'Gohana'),(319,215,'Ganaur'),(320,215,'Sonipat'),(321,215,'Kharkhoda'),(322,203,'Narwana'),(323,203,'Jind'),(324,203,'Julana'),(325,203,'Safidon'),(326,199,'Ratia'),(327,199,'Tohana'),(328,199,'Fatehabad'),(329,214,'Dabwali'),(330,214,'Sirsa'),(331,214,'Rania'),(332,214,'Ellenabad'),(333,201,'Adampur'),(334,201,'Hisar'),(335,201,'Narnaund'),(336,201,'Hansi'),(337,196,'Bawani Khera'),(338,196,'Bhiwani'),(339,196,'Tosham'),(340,196,'Siwani'),(341,196,'Loharu'),(342,196,'Dadri'),(343,196,'Badhra'),(344,213,'Maham'),(345,213,'Rohtak'),(346,213,'Sampla'),(347,202,'Beri'),(348,202,'Bahadurgarh'),(349,202,'Jhajjar'),(350,202,'Matenhail'),(351,207,'Mahendragarh'),(352,207,'Narnaul'),(353,212,'Kosli'),(354,212,'Rewari'),(355,212,'Bawal'),(356,198,'Faridabad'),(357,198,'Ballabgarh'),(358,209,'Palwal'),(359,209,'Hathin'),(360,209,'Hodal'),(361,544,'Karanpur'),(362,544,'Ganganagar'),(363,544,'Sadulshahar'),(364,544,'Padampur'),(365,544,'Raisinghnagar'),(366,544,'Anupgarh'),(367,544,'Gharsana'),(368,544,'Vijainagar'),(369,544,'Suratgarh'),(370,518,'Sangaria'),(371,518,'Tibi'),(372,518,'Hanumangarh'),(373,518,'Pilibanga'),(374,518,'Rawatsar'),(375,518,'Nohar'),(376,518,'Bhadra'),(377,507,'Bikaner'),(378,507,'Poogal'),(379,507,'Lunkaransar'),(380,507,'Kolayat'),(381,507,'Nokha'),(382,507,'Khajuwala'),(383,507,'Chhatargarh'),(384,507,'Sridungargarh'),(385,510,'Taranagar'),(386,510,'Rajgarh'),(387,510,'Sardarshahar'),(388,510,'Churu'),(389,510,'Ratangarh'),(390,510,'Sujangarh'),(391,524,'Jhunjhunun'),(392,524,'Chirawa'),(393,524,'Buhana'),(394,524,'Khetri'),(395,524,'Nawalgarh'),(396,524,'Udaipurwati'),(397,498,'Behror'),(398,498,'Mandawar'),(399,498,'Kotkasim'),(400,498,'Tijara'),(401,498,'Kishangarh Bas'),(402,498,'Ramgarh'),(403,498,'Alwar'),(404,498,'Bansur'),(405,498,'Thanagazi'),(406,498,'Rajgarh'),(407,498,'Lachhmangarh'),(408,498,'Kathumar'),(409,505,'Pahari'),(410,505,'Kaman'),(411,505,'Nagar'),(412,505,'Deeg'),(413,505,'Nadbai'),(414,505,'Kumher'),(415,505,'Bharatpur'),(416,505,'Weir'),(417,505,'Bayana'),(418,505,'Rupbas'),(419,513,'Baseri'),(420,513,'Bari'),(421,513,'Sepau'),(422,513,'Dhaulpur'),(423,513,'Rajakhera'),(424,527,'Todabhim'),(425,527,'Nadoti'),(426,527,'Hindaun'),(427,527,'Karauli'),(428,527,'Mandrail'),(429,527,'Sapotra'),(430,540,'Gangapur'),(431,540,'Bamanwas'),(432,540,'Malarna Doongar'),(433,540,'Bonli'),(434,540,'Chauth Ka Barwara'),(435,540,'Sawai Madhopur'),(436,540,'Khandar'),(437,511,'Baswa'),(438,511,'Mahwa'),(439,511,'Sikrai'),(440,511,'Dausa'),(441,511,'Lalsot'),(442,519,'Kotputli'),(443,519,'Viratnagar'),(444,519,'Shahpura'),(445,519,'Chomu'),(446,519,'Phulera (Hq.Sambhar)'),(447,519,'Mauzamabad'),(448,519,'Phagi'),(449,519,'Sanganer'),(450,519,'Jaipur'),(451,519,'Amber'),(452,519,'Jamwa Ramgarh'),(453,519,'Bassi'),(454,519,'Chaksu'),(455,542,'Fatehpur'),(456,542,'Lachhmangarh'),(457,542,'Sikar'),(458,542,'Danta Ramgarh'),(459,542,'Sri Madhopur'),(460,542,'Neem-Ka-Thana'),(461,532,'Ladnu'),(462,532,'Didwana'),(463,532,'Jayal'),(464,532,'Nagaur'),(465,532,'Kheenvsar'),(466,532,'Merta'),(467,532,'Degana'),(468,532,'Parbatsar'),(469,532,'Makrana'),(470,532,'Nawa'),(471,525,'Phalodi'),(472,525,'Osian'),(473,525,'Bhopalgarh'),(474,525,'Jodhpur'),(475,525,'Shergarh'),(476,525,'Luni'),(477,525,'Bilara'),(478,521,'Jaisalmer'),(479,521,'Pokaran'),(480,521,'Fatehgarh'),(481,503,'Sheo'),(482,503,'Baytoo'),(483,503,'Pachpadra'),(484,503,'Siwana'),(485,503,'Gudha Malani'),(486,503,'Barmer'),(487,503,'Ramsar'),(488,503,'Chohtan'),(489,522,'Sayla'),(490,522,'Ahore'),(491,522,'Jalor'),(492,522,'Bhinmal'),(493,522,'Bagora'),(494,522,'Sanchore'),(495,522,'Raniwara'),(496,543,'Sheoganj'),(497,543,'Sirohi'),(498,543,'Pindwara'),(499,543,'Abu Road'),(500,543,'Reodar'),(501,534,'Jaitaran'),(502,534,'Raipur'),(503,534,'Sojat'),(504,534,'Rohat'),(505,534,'Pali'),(506,534,'Marwar Junction'),(507,534,'Desuri'),(508,534,'Sumerpur'),(509,534,'Bali'),(510,497,'Kishangarh'),(511,497,'Ajmer'),(512,497,'Peesangan'),(513,497,'Beawar'),(514,497,'Masuda'),(515,497,'Nasirabad'),(516,497,'Bhinay'),(517,497,'Sarwar'),(518,497,'Kekri'),(519,545,'Malpura'),(520,545,'Peeplu'),(521,545,'Niwai'),(522,545,'Tonk'),(523,545,'Todaraisingh'),(524,545,'Deoli'),(525,545,'Uniara'),(526,508,'Hindoli'),(527,508,'Nainwa'),(528,508,'Indragarh'),(529,508,'Keshoraipatan'),(530,508,'Bundi'),(531,506,'Asind'),(532,506,'Hurda'),(533,506,'Shahpura'),(534,506,'Banera'),(535,506,'Mandal'),(536,506,'Raipur'),(537,506,'Sahara'),(538,506,'Bhilwara'),(539,506,'Kotri'),(540,506,'Jahazpur'),(541,506,'Mandalgarh'),(542,506,'Beejoliya'),(543,537,'Bhim'),(544,537,'Deogarh'),(545,537,'Amet'),(546,537,'Kumbhalgarh'),(547,537,'Rajsamand'),(548,537,'Railmagra'),(549,537,'Nathdwara'),(550,516,'Dungarpur'),(551,516,'Aspur'),(552,516,'Sagwara'),(553,516,'Simalwara'),(554,501,'Ghatol'),(555,501,'Garhi'),(556,501,'Banswara'),(557,501,'Bagidora'),(558,501,'Kushalgarh'),(559,509,'Rashmi'),(560,509,'Gangrar'),(561,509,'Begun'),(562,509,'Rawatbhata'),(563,509,'Chittaurgarh'),(564,509,'Kapasan'),(565,509,'Dungla'),(566,509,'Bhadesar'),(567,509,'Nimbahera'),(568,509,'Bari Sadri'),(569,530,'Pipalda'),(570,530,'Digod'),(571,530,'Ladpura'),(572,530,'Ramganj Mandi'),(573,530,'Sangod'),(574,502,'Mangrol'),(575,502,'Antah'),(576,502,'Baran'),(577,502,'Atru'),(578,502,'Kishanganj'),(579,502,'Shahbad'),(580,502,'Chhabra'),(581,502,'Chhipabarod'),(582,523,'Khanpur'),(583,523,'Jhalrapatan'),(584,523,'Aklera'),(585,523,'Manohar Thana'),(586,523,'Pachpahar'),(587,523,'Pirawa'),(588,523,'Gangdhar'),(589,546,'Mavli'),(590,546,'Gogunda'),(591,546,'Kotra'),(592,546,'Jhadol'),(593,546,'Girwa'),(594,546,'Vallabhnagar'),(595,546,'Lasadiya'),(596,546,'Salumbar'),(597,546,'Sarada'),(598,546,'Rishabhdeo'),(599,546,'Kherwara'),(600,691,'Dhariawad'),(601,691,'Peepalkhoont'),(602,691,'Chhoti Sadri'),(603,691,'Pratapgarh'),(604,691,'Arnod'),(605,695,'Behat'),(606,695,'Saharanpur'),(607,695,'Nakur'),(608,695,'Deoband'),(609,695,'Rampur Maniharan'),(610,689,'Kairana'),(611,689,'Shamli'),(612,689,'Muzaffarnagar'),(613,689,'Budhana'),(614,689,'Khatauli'),(615,689,'Jansath'),(616,649,'Najibabad'),(617,649,'Bijnor'),(618,649,'Nagina'),(619,649,'Dhampur'),(620,649,'Chandpur'),(621,688,'Thakurdwara'),(622,688,'Kanth'),(623,688,'Moradabad'),(624,688,'Bilari'),(625,688,'Sambhal'),(626,688,'Chandausi'),(627,694,'Suar'),(628,694,'Tanda'),(629,694,'Bilaspur'),(630,694,'Rampur'),(631,694,'Shahabad'),(632,694,'Milak'),(633,686,'Sardhana'),(634,686,'Mawana'),(635,686,'Meerut'),(636,640,'Baraut'),(637,640,'Baghpat'),(638,640,'Khekada'),(639,661,'Modinagar'),(640,661,'Ghaziabad'),(641,661,'Hapur'),(642,661,'Garhmukteshwar'),(643,660,'Dadri'),(644,660,'Gautam Buddha Nagar'),(645,660,'Jewar'),(646,651,'Sikandrabad'),(647,651,'Bulandshahr'),(648,651,'Siana'),(649,651,'Anupshahr'),(650,651,'Debai'),(651,651,'Shikarpur'),(652,651,'Khurja'),(653,633,'Khair'),(654,633,'Gabhana'),(655,633,'Atrauli'),(656,633,'Koil'),(657,633,'Iglas'),(658,684,'Chhata'),(659,684,'Mat'),(660,684,'Mahavan'),(661,684,'Mathura'),(662,632,'Etmadpur'),(663,632,'Agra'),(664,632,'Kiraoli'),(665,632,'Kheragarh'),(666,632,'Fatehabad'),(667,632,'Bah'),(668,659,'Tundla'),(669,659,'Firozabad'),(670,659,'Jasrana'),(671,659,'Shikohabad'),(672,683,'Mainpuri'),(673,683,'Karhal'),(674,683,'Bhogaon'),(675,650,'Gunnaur'),(676,650,'Bisauli'),(677,650,'Bilsi'),(678,650,'Sahaswan'),(679,650,'Budaun'),(680,650,'Dataganj'),(681,646,'Baheri'),(682,646,'Meerganj'),(683,646,'Aonla'),(684,646,'Bareilly'),(685,646,'Nawabganj'),(686,646,'Faridpur'),(687,690,'Pilibhit'),(688,690,'Bisalpur'),(689,690,'Puranpur'),(690,698,'Powayan'),(691,698,'Tilhar'),(692,698,'Shahjahanpur'),(693,698,'Jalalabad'),(694,528,'Nighasan'),(695,528,'Palia'),(696,528,'Gola Gokaran Nath'),(697,528,'Mohammdi'),(698,528,'Lakhimpur'),(699,528,'Dhaurahara'),(700,702,'Misrikh'),(701,702,'Sitapur'),(702,702,'Laharpur'),(703,702,'Biswan'),(704,702,'Mahmudabad'),(705,702,'Sidhauli'),(706,667,'Shahabad'),(707,667,'Sawayajpur'),(708,667,'Hardoi'),(709,667,'Bilgram'),(710,667,'Sandila'),(711,705,'Safipur'),(712,705,'Hasanganj'),(713,705,'Unnao'),(714,705,'Purwa'),(715,705,'Bighapur'),(716,680,'Malihabad'),(717,680,'Bakshi Ka Talab'),(718,680,'Lucknow'),(719,680,'Mohanlalganj'),(720,693,'Maharajganj'),(721,693,'Tiloi'),(722,693,'Rae Bareli'),(723,693,'Lalganj'),(724,693,'Dalmau'),(725,693,'Unchahar'),(726,693,'Salon'),(727,657,'Kaimganj'),(728,657,'Amritpur'),(729,657,'Farrukhabad'),(730,672,'Chhibramau'),(731,672,'Kannauj'),(732,672,'Tirwa'),(733,656,'Jaswantnagar'),(734,656,'Saifai'),(735,656,'Etawah'),(736,656,'Bharthana'),(737,656,'Chakarnagar'),(738,637,'Bidhuna'),(739,637,'Auraiya'),(740,673,'Rasulabad'),(741,673,'Derapur'),(742,673,'Akbarpur'),(743,673,'Bhognipur'),(744,673,'Sikandra'),(745,674,'Bilhaur'),(746,674,'Kanpur'),(747,674,'Ghatampur'),(748,669,'Madhogarh'),(749,669,'Jalaun'),(750,669,'Kalpi'),(751,669,'Orai'),(752,669,'Konch'),(753,671,'Moth'),(754,671,'Garautha'),(755,671,'Tahrauli'),(756,671,'Mauranipur'),(757,671,'Jhansi'),(758,679,'Talbehat'),(759,679,'Lalitpur'),(760,679,'Mahroni'),(761,665,'Rath'),(762,665,'Sarila'),(763,665,'Maudaha'),(764,682,'Kulpahar'),(765,682,'Charkhari'),(766,682,'Mahoba'),(767,644,'Banda'),(768,644,'Baberu'),(769,644,'Atarra'),(770,644,'Naraini'),(771,653,'Karwi'),(772,653,'Mau'),(773,658,'Bindki'),(774,658,'Fatehpur'),(775,658,'Khaga'),(776,691,'Lalganj'),(777,691,'Kunda'),(778,691,'Patti'),(779,691,'Raniganj'),(780,676,'Sirathu'),(781,676,'Manjhanpur'),(782,676,'Chail'),(783,645,'Fatehpur'),(784,645,'Ramnagar'),(785,645,'Nawabganj'),(786,645,'Sirauli Gauspur'),(787,645,'Ramsanehighat'),(788,645,'Haidergarh'),(789,659,'Rudauli'),(790,659,'Milkipur'),(791,659,'Sohawal'),(792,659,'Faizabad'),(793,659,'Bikapur'),(794,634,'Tanda'),(795,634,'Allapur'),(796,634,'Jalalpur'),(797,634,'Akbarpur'),(798,634,'Bhiti'),(799,704,'Musafirkhana'),(800,704,'Gauriganj'),(801,704,'Amethi'),(802,704,'Sultanpur'),(803,704,'Jaisinghpur'),(804,704,'Lambhua'),(805,704,'Kadipur'),(806,641,'Nanpara'),(807,641,'Mahasi'),(808,641,'Bahraich'),(809,641,'Kaiserganj'),(810,700,'Bhinga'),(811,700,'Ikauna'),(812,643,'Balrampur'),(813,643,'Tulsipur'),(814,643,'Utraula'),(815,663,'Gonda'),(816,663,'Colonelganj'),(817,663,'Tarabganj'),(818,663,'Mankapur'),(819,701,'Shohratgarh'),(820,701,'Naugarh'),(821,701,'Bansi'),(822,701,'Itwa'),(823,701,'Domariyaganj'),(824,647,'Bhanpur'),(825,647,'Harraiya'),(826,647,'Basti'),(827,647,'Rudhauli'),(828,697,'Mehdawal'),(829,697,'Khalilabad'),(830,697,'Ghanghata'),(831,681,'Nautanwa'),(832,681,'Nichlaul'),(833,681,'Pharenda'),(834,681,'Maharajganj'),(835,664,'Campierganj'),(836,664,'Sahjanwa'),(837,664,'Gorakhpur'),(838,664,'Chauri Chaura'),(839,664,'Bansgaon'),(840,664,'Khajni'),(841,664,'Gola'),(842,677,'Padrauna'),(843,677,'Hata'),(844,677,'Kasya'),(845,677,'Tamkuhi Raj'),(846,654,'Deoria'),(847,654,'Rudrapur'),(848,654,'Barhaj'),(849,654,'Salempur'),(850,654,'Bhatpar Rani'),(851,639,'Burhanpur'),(852,639,'Sagri'),(853,639,'Azamgarh'),(854,639,'Nizamabad'),(855,639,'Phulpur'),(856,639,'Lalganj'),(857,639,'Mehnagar'),(858,685,'Ghosi'),(859,685,'Madhuban'),(860,685,'Maunath Bhanjan'),(861,685,'Muhammadabad Gohna'),(862,642,'Belthara Road'),(863,642,'Sikanderpur'),(864,642,'Rasra'),(865,642,'Ballia'),(866,642,'Bansdih'),(867,642,'Bairia'),(868,670,'Shahganj'),(869,670,'Badlapur'),(870,670,'Machhlishahr'),(871,670,'Jaunpur'),(872,670,'Mariahu'),(873,670,'Kerakat'),(874,662,'Jakhania'),(875,662,'Saidpur'),(876,662,'Ghazipur'),(877,662,'Mohammadabad'),(878,662,'Zamania'),(879,652,'Sakaldiha'),(880,652,'Chandauli'),(881,652,'Chakia'),(882,706,'Pindra'),(883,706,'Varanasi'),(884,687,'Mirzapur'),(885,687,'Lalganj'),(886,687,'Marihan'),(887,687,'Chunar'),(888,703,'Ghorawal'),(889,703,'Robertsganj'),(890,703,'Dudhi'),(891,655,'Aliganj'),(892,655,'Etah'),(893,655,'Jalesar'),(894,121,'Purnahiya'),(895,121,'Piprarhi'),(896,121,'Sheohar'),(897,121,'Dumri Katsari'),(898,121,'Tariani Chowk'),(899,122,'Bairgania'),(900,122,'Suppi'),(901,122,'Majorganj'),(902,122,'Sonbarsa'),(903,122,'Parihar'),(904,122,'Sursand'),(905,122,'Bathnaha'),(906,122,'Riga'),(907,122,'Parsauni'),(908,122,'Belsand'),(909,122,'Runisaidpur'),(910,122,'Dumra'),(911,122,'Bajpatti'),(912,122,'Charaut'),(913,122,'Pupri'),(914,122,'Nanpur'),(915,122,'Bokhara'),(916,109,'Madhwapur'),(917,109,'Harlakhi'),(918,109,'Basopatti'),(919,109,'Jainagar'),(920,109,'Ladania'),(921,109,'Laukaha'),(922,109,'Laukahi'),(923,109,'Phulparas'),(924,109,'Babubarhi'),(925,109,'Khajauli'),(926,109,'Kaluahi'),(927,109,'Benipatti'),(928,109,'Bisfi'),(929,109,'Madhubani'),(930,109,'Pandaul'),(931,109,'Rajnagar'),(932,109,'Andhratharhi'),(933,109,'Jhanjharpur'),(934,109,'Ghoghardiha'),(935,109,'Lakhnaur'),(936,109,'Madhepur'),(937,124,'Nirmali'),(938,124,'Basantpur'),(939,124,'Chhatapur'),(940,124,'Pratapganj'),(941,124,'Raghopur'),(942,124,'Saraigarh Bhaptiyahi'),(943,124,'Kishanpur'),(944,124,'Marauna'),(945,124,'Supaul'),(946,124,'Pipra'),(947,124,'Tribeniganj'),(948,89,'Narpatganj'),(949,89,'Forbesganj'),(950,89,'Bhargama'),(951,89,'Raniganj'),(952,89,'Araria'),(953,89,'Kursakatta'),(954,89,'Sikti'),(955,89,'Palasi'),(956,89,'Jokihat'),(957,106,'Terhagachh'),(958,106,'Dighalbank'),(959,106,'Thakurganj'),(960,106,'Pothia'),(961,106,'Bahadurganj'),(962,106,'Kochadhamin'),(963,106,'Kishanganj'),(964,115,'Banmankhi'),(965,115,'Barhara'),(966,115,'Bhawanipur'),(967,115,'Rupauli'),(968,115,'Dhamdaha'),(969,115,'Krityanand Nagar'),(970,115,'Purnia East'),(971,115,'Kasba'),(972,115,'Srinagar'),(973,115,'Jalalgarh'),(974,115,'Amour'),(975,115,'Baisa'),(976,115,'Baisi'),(977,115,'Dagarua'),(978,104,'Falka'),(979,104,'Korha'),(980,104,'Hasanganj'),(981,104,'Kadwa'),(982,104,'Balrampur'),(983,104,'Barsoi'),(984,104,'Azamnagar'),(985,104,'Pranpur'),(986,104,'Dandkhora'),(987,104,'Katihar'),(988,104,'Mansahi'),(989,104,'Barari'),(990,104,'Sameli'),(991,104,'Kursela'),(992,104,'Manihari'),(993,104,'Amdabad'),(994,108,'Gamharia'),(995,108,'Singheshwar'),(996,108,'Ghailarh'),(997,108,'Madhepura'),(998,108,'Shankarpur'),(999,108,'Kumarkhand'),(1000,108,'Murliganj'),(1001,108,'Gwalpara'),(1002,108,'Bihariganj'),(1003,108,'Kishanganj'),(1004,108,'Puraini'),(1005,108,'Alamnagar'),(1006,108,'Chausa'),(1007,117,'Nauhatta'),(1008,117,'Satar Kataiya'),(1009,117,'Mahishi'),(1010,117,'Kahara'),(1011,117,'Saur Bazar'),(1012,117,'Patarghat'),(1013,117,'Sonbarsa'),(1014,117,'Simri Bakhtiarpur'),(1015,117,'Salkhua'),(1016,117,'Banma Itahri'),(1017,97,'Jale'),(1018,97,'Singhwara'),(1019,97,'Keotiranway'),(1020,97,'Darbhanga'),(1021,97,'Manigachhi'),(1022,97,'Tardih'),(1023,97,'Alinagar'),(1024,97,'Benipur'),(1025,97,'Bahadurpur'),(1026,97,'Hanumannagar'),(1027,97,'Hayaghat'),(1028,97,'Baheri'),(1029,97,'Biraul'),(1030,97,'Ghanshyampur'),(1031,97,'Kiratpur'),(1032,97,'Gora Bauram'),(1033,97,'Kusheshwar Asthan'),(1034,97,'Kusheshwar Asthan Purbi'),(1035,111,'Sahebganj'),(1036,111,'Baruraj (Motipur)'),(1037,111,'Paroo'),(1038,111,'Saraiya'),(1039,111,'Marwan'),(1040,111,'Kanti'),(1041,111,'Minapur'),(1042,111,'Bochaha'),(1043,111,'Aurai'),(1044,111,'Katra'),(1045,111,'Gaighat'),(1046,111,'Bandra'),(1047,111,'Dholi (Moraul)'),(1048,111,'Musahri'),(1049,111,'Kurhani'),(1050,111,'Sakra'),(1051,100,'Katiya'),(1052,100,'Bijaipur'),(1053,100,'Bhorey'),(1054,100,'Pach Deuri'),(1055,100,'Kuchaikote'),(1056,100,'Phulwaria'),(1057,100,'Hathua'),(1058,100,'Uchkagaon'),(1059,100,'Thawe'),(1060,100,'Gopalganj'),(1061,100,'Manjha'),(1062,100,'Barauli'),(1063,100,'Sidhwalia'),(1064,100,'Baikunthpur'),(1065,123,'Nautan'),(1066,123,'Siwan'),(1067,123,'Barharia'),(1068,123,'Goriakothi'),(1069,123,'Lakri Nabiganj'),(1070,123,'Basantpur'),(1071,123,'Bhagwanpur Hat'),(1072,123,'Maharajganj'),(1073,123,'Pachrukhi'),(1074,123,'Hussainganj'),(1075,123,'Ziradei'),(1076,123,'Mairwa'),(1077,123,'Guthani'),(1078,123,'Darauli'),(1079,123,'Andar'),(1080,123,'Raghunathpur'),(1081,123,'Hasanpura'),(1082,123,'Daraundha'),(1083,123,'Siswan'),(1084,119,'Mashrakh'),(1085,119,'Panapur'),(1086,119,'Taraiya'),(1087,119,'Ishupur'),(1088,119,'Baniapur'),(1089,119,'Lahladpur'),(1090,119,'Ekma'),(1091,119,'Manjhi'),(1092,119,'Jalalpur'),(1093,119,'Revelganj'),(1094,119,'Chapra'),(1095,119,'Nagra'),(1096,119,'Marhaura'),(1097,119,'Amnour'),(1098,119,'Maker'),(1099,119,'Parsa'),(1100,119,'Dariapur'),(1101,119,'Garkha'),(1102,119,'Dighwara'),(1103,119,'Sonepur'),(1104,125,'Vaishali'),(1105,125,'Paterhi Belsar'),(1106,125,'Lalganj'),(1107,125,'Bhagwanpur'),(1108,125,'Goraul'),(1109,125,'Chehra Kalan'),(1110,125,'Patepur'),(1111,125,'Mahua'),(1112,125,'Jandaha'),(1113,125,'Raja Pakar'),(1114,125,'Hajipur'),(1115,125,'Raghopur'),(1116,125,'Bidupur'),(1117,125,'Desri'),(1118,125,'Sahdai Buzurg'),(1119,125,'Mahnar'),(1120,118,'Kalyanpur'),(1121,118,'Warisnagar'),(1122,118,'Shivaji Nagar'),(1123,118,'Khanpur'),(1124,118,'Samastipur'),(1125,118,'Pusa'),(1126,118,'Tajpur'),(1127,118,'Morwa'),(1128,118,'Patori'),(1129,118,'Mohanpur'),(1130,118,'Mohiuddinagar'),(1131,118,'Sarairanjan'),(1132,118,'Vidyapati Nagar'),(1133,118,'Dalsinghsarai'),(1134,118,'Ujiarpur'),(1135,118,'Bibhutpur'),(1136,118,'Rosera'),(1137,118,'Singhia'),(1138,118,'Hasanpur'),(1139,118,'Bithan'),(1140,93,'Khudabandpur'),(1141,93,'Chhorahi'),(1142,93,'Garhpura'),(1143,93,'Cheria Bariarpur'),(1144,93,'Bhagwanpur'),(1145,93,'Mansurchak'),(1146,93,'Bachhwara'),(1147,93,'Teghra'),(1148,93,'Barauni'),(1149,93,'Birpur'),(1150,93,'Begusarai'),(1151,93,'Naokothi'),(1152,93,'Bakhri'),(1153,93,'Dandari'),(1154,93,'Sahebpur Kamal'),(1155,93,'Balia'),(1156,93,'Matihani'),(1157,93,'Shamho Akha Kurha'),(1158,105,'Alauli'),(1159,105,'Khagaria'),(1160,105,'Mansi'),(1161,105,'Chautham'),(1162,105,'Beldaur'),(1163,105,'Gogri'),(1164,105,'Parbatta'),(1165,94,'Narayanpur'),(1166,94,'Bihpur'),(1167,94,'Kharik'),(1168,94,'Naugachhia'),(1169,94,'Rangra Chowk'),(1170,94,'Gopalpur'),(1171,94,'Pirpainti'),(1172,94,'Colgong'),(1173,94,'Ismailpur'),(1174,94,'Sabour'),(1175,94,'Nathnagar'),(1176,94,'Sultanganj'),(1177,94,'Shahkund'),(1178,94,'Goradih'),(1179,94,'Jagdishpur'),(1180,94,'Sonhaula'),(1181,92,'Shambhuganj'),(1182,92,'Amarpur'),(1183,92,'Rajaun'),(1184,92,'Dhuraiya'),(1185,92,'Barahat'),(1186,92,'Banka'),(1187,92,'Phulidumar'),(1188,92,'Belhar'),(1189,92,'Chanan'),(1190,92,'Katoria'),(1191,92,'Bausi'),(1192,110,'Munger'),(1193,110,'Bariarpur'),(1194,110,'Jamalpur'),(1195,110,'Dharhara'),(1196,110,'Kharagpur'),(1197,110,'Asarganj'),(1198,110,'Tarapur'),(1199,110,'Tetiha Bambor'),(1200,110,'Sangrampur'),(1201,107,'Barahiya'),(1202,107,'Pipariya'),(1203,107,'Surajgarha'),(1204,107,'Lakhisarai'),(1205,107,'Chanan*'),(1206,107,'Ramgarh Chowk'),(1207,107,'Halsi'),(1208,120,'Barbigha'),(1209,120,'Shekhopur Sarai'),(1210,120,'Sheikhpura'),(1211,120,'Ghat Kusumbha'),(1212,120,'Chewara'),(1213,120,'Ariari'),(1214,112,'Karai Parsurai'),(1215,112,'Nagar Nausa'),(1216,112,'Harnaut'),(1217,112,'Chandi'),(1218,112,'Rahui'),(1219,112,'Bind'),(1220,112,'Sarmera'),(1221,112,'Asthawan'),(1222,112,'Bihar'),(1223,112,'Noorsarai'),(1224,112,'Tharthari'),(1225,112,'Parbalpur'),(1226,112,'Hilsa'),(1227,112,'Ekangarsarai'),(1228,112,'Islampur'),(1229,112,'Ben'),(1230,112,'Rajgir'),(1231,112,'Silao'),(1232,112,'Giriak'),(1233,112,'Katrisarai'),(1234,114,'Maner'),(1235,114,'Dinapur-Cum-Khagaul'),(1236,114,'Patna Rural'),(1237,114,'Sampatchak'),(1238,114,'Phulwari'),(1239,114,'Bihta'),(1240,114,'Naubatpur'),(1241,114,'Bikram'),(1242,114,'Dulhin Bazar'),(1243,114,'Paliganj'),(1244,114,'Masaurhi'),(1245,114,'Dhanarua'),(1246,114,'Punpun'),(1247,114,'Fatwah'),(1248,114,'Daniawan'),(1249,114,'Khusrupur'),(1250,114,'Bakhtiarpur'),(1251,114,'Athmalgola'),(1252,114,'Belchhi'),(1253,114,'Barh'),(1254,114,'Pandarak'),(1255,114,'Ghoswari'),(1256,114,'Mokameh'),(1257,95,'Shahpur'),(1258,95,'Arrah'),(1259,95,'Barhara'),(1260,95,'Koilwar'),(1261,95,'Sandesh'),(1262,95,'Udwant Nagar'),(1263,95,'Behea'),(1264,95,'Jagdishpur'),(1265,95,'Piro'),(1266,95,'Charpokhari'),(1267,95,'Garhani'),(1268,95,'Agiaon'),(1269,95,'Tarari'),(1270,95,'Sahar'),(1271,96,'Simri'),(1272,96,'Chakki'),(1273,96,'Barhampur'),(1274,96,'Chaugain'),(1275,96,'Kesath'),(1276,96,'Dumraon'),(1277,96,'Buxar'),(1278,96,'Chausa'),(1279,96,'Rajpur'),(1280,96,'Itarhi'),(1281,96,'Nawanagar'),(1282,116,'Kochas'),(1283,116,'Dinara'),(1284,116,'Dawath'),(1285,116,'Suryapura'),(1286,116,'Bikramganj'),(1287,116,'Karakat'),(1288,116,'Nasriganj'),(1289,116,'Rajpur'),(1290,116,'Sanjhauli'),(1291,116,'Nokha'),(1292,116,'Kargahar'),(1293,116,'Chenari'),(1294,116,'Nauhatta'),(1295,116,'Sheosagar'),(1296,116,'Sasaram'),(1297,116,'Akorhi Gola'),(1298,116,'Dehri'),(1299,116,'Tilouthu'),(1300,116,'Rohtas'),(1301,356,'Daudnagar'),(1302,356,'Haspura'),(1303,356,'Goh'),(1304,356,'Rafiganj'),(1305,356,'Obra'),(1306,356,'Aurangabad'),(1307,356,'Barun'),(1308,356,'Nabinagar'),(1309,356,'Kutumba'),(1310,356,'Deo'),(1311,356,'Madanpur'),(1312,99,'Konch'),(1313,99,'Tikari'),(1314,99,'Belaganj'),(1315,99,'Khizirsarai'),(1316,99,'Neem Chak Bathani'),(1317,99,'Muhra'),(1318,99,'Atri'),(1319,99,'Manpur'),(1320,99,'Gaya Town C.D.Block'),(1321,99,'Paraiya'),(1322,99,'Guraru'),(1323,99,'Gurua'),(1324,99,'Amas'),(1325,99,'Banke Bazar'),(1326,99,'Imamganj'),(1327,99,'Dumaria'),(1328,99,'Sherghati'),(1329,99,'Dobhi'),(1330,99,'Bodh Gaya'),(1331,99,'Tan Kuppa'),(1332,99,'Wazirganj'),(1333,99,'Fatehpur'),(1334,99,'Mohanpur'),(1335,99,'Barachatti'),(1336,113,'Nardiganj'),(1337,113,'Nawada'),(1338,113,'Warisaliganj'),(1339,113,'Kashi Chak'),(1340,113,'Pakribarawan'),(1341,113,'Kawakol'),(1342,113,'Roh'),(1343,113,'Gobindpur'),(1344,113,'Akbarpur'),(1345,113,'Hisua'),(1346,113,'Narhat'),(1347,113,'Meskaur'),(1348,113,'Sirdala'),(1349,113,'Rajauli'),(1350,101,'Islamnagar Aliganj'),(1351,101,'Sikandra'),(1352,101,'Jamui'),(1353,101,'Barhat'),(1354,101,'Lakshmipur'),(1355,101,'Jhajha'),(1356,101,'Gidhaur'),(1357,101,'Khaira'),(1358,101,'Sono'),(1359,101,'Chakai'),(1360,102,'Ratni Faridpur'),(1361,102,'Jehanabad'),(1362,102,'Kako'),(1363,102,'Modanganj'),(1364,102,'Ghoshi'),(1365,102,'Makhdumpur'),(1366,102,'Hulasganj'),(1367,90,'Arwal'),(1368,90,'Kaler'),(1369,90,'Karpi'),(1370,90,'Sonbhadra Banshi Suryapur'),(1371,90,'Kurtha'),(1372,48,'Zemithang'),(1373,48,'LUMLA'),(1374,48,'DUDUNGHAR'),(1375,48,'TAWANG CIRCLE'),(1376,48,'Tawang'),(1377,48,'Kitpi'),(1378,48,'KITPI CIRCLE'),(1379,48,'Jang'),(1380,48,'Lhou'),(1381,48,'MUKTO CIRCLE'),(1382,48,'Mukto'),(1383,48,'Bongkhar'),(1384,48,'Thingbu'),(1385,52,'Dirang'),(1386,52,'Thembang'),(1387,52,'Nafra'),(1388,52,'Bomdila'),(1389,52,'Kalaktang'),(1390,52,'Shergaon'),(1391,52,'Rupa'),(1392,52,'Singchung'),(1393,52,'Jamiri'),(1394,52,'Thrizino'),(1395,52,'Bhalukpong'),(1396,52,'Kamengbari-Doimara'),(1397,52,'Balemu'),(1398,31,'Seijosa'),(1399,31,'Dissing-Passo'),(1400,31,'Pakke-Kessang'),(1401,31,'Pizirang(Veo)'),(1402,31,'Richukrong'),(1403,31,'Seppa'),(1404,31,'Lada'),(1405,31,'Bameng'),(1406,31,'Pipu-Dipu'),(1407,31,'Gyawe Purang'),(1408,31,'Khenewa'),(1409,31,'Chayangtajo'),(1410,31,'Sawa'),(1411,45,'Balijan'),(1412,45,'Banderdawa'),(1413,45,'Sangdupota (Besar Nello)'),(1414,45,'Taraso'),(1415,45,'Itanagar'),(1416,45,'Naharlagun'),(1417,45,'Doimukh'),(1418,45,'Gumto'),(1419,45,'Toru'),(1420,45,'Sagalee'),(1421,45,'Parang'),(1422,45,'Leporiang'),(1423,45,'Mengio'),(1424,45,'Kimin'),(1425,45,'Kakoi'),(1426,51,'Taksing'),(1427,51,'Limeking'),(1428,51,'Nacho'),(1429,51,'Siyum'),(1430,51,'Taliha'),(1431,51,'Payeng'),(1432,51,'Giba'),(1433,51,'Chetam (Peer Yapu)'),(1434,51,'Daporijo'),(1435,51,'Puchi Geko'),(1436,51,'Dumporijo'),(1437,51,'Gussar'),(1438,51,'Gite-Ripa'),(1439,51,'Baririjo'),(1440,51,'Maro'),(1441,53,'Mechuka'),(1442,53,'Monigong'),(1443,53,'Pidi'),(1444,53,'Payum'),(1445,53,'Tato'),(1446,53,'Kaying'),(1447,53,'Darak'),(1448,53,'Kamba'),(1449,53,'Rumgong'),(1450,53,'Jomlo Mobuk'),(1451,53,'Liromoba'),(1452,53,'Yomcha'),(1453,53,'Aalo'),(1454,53,'Tirbin'),(1455,53,'Basar'),(1456,53,'Daring'),(1457,53,'Gensi'),(1458,53,'Sibe'),(1459,53,'Likabali'),(1460,53,'Kangku'),(1461,53,'Bagra'),(1462,32,'Boleng'),(1463,32,'Riga'),(1464,32,'Pangin'),(1465,32,'Kebang'),(1466,32,'Rebo-Perging'),(1467,32,'Koyu'),(1468,32,'Kora'),(1469,32,'Nari'),(1470,32,'New Seren'),(1471,32,'Bilat'),(1472,32,'Ruksin'),(1473,32,'Sille-Oyan'),(1474,32,'Pasighat'),(1475,32,'Mebo'),(1476,32,'Namsing'),(1477,50,'Tuting'),(1478,50,'Migging'),(1479,50,'Palling'),(1480,50,'Gelling'),(1481,50,'Singa'),(1482,50,'Yingkiong'),(1483,50,'Jengging'),(1484,50,'Geku'),(1485,50,'Mariyang'),(1486,50,'Mopom ( Adipasi )'),(1487,50,'Katan'),(1488,29,'Khimiyong'),(1489,29,'Yatdam'),(1490,29,'Changlang'),(1491,29,'Namtok'),(1492,29,'Manmao'),(1493,29,'Renuk'),(1494,29,'Lyngok-Longtoi'),(1495,29,'Nampong'),(1496,29,'Tikhak Rima Putok'),(1497,29,'Jairampur'),(1498,29,'Vijoynagar'),(1499,29,'Miao'),(1500,29,'Kharsang'),(1501,29,'Diyun'),(1502,29,'Bordumsa'),(1503,49,'Namsang'),(1504,49,'Soha'),(1505,49,'Khonsa'),(1506,49,'Dadam'),(1507,49,'Kanubari'),(1508,49,'Lawnu'),(1509,49,'Longding'),(1510,49,'Pumao'),(1511,49,'Pangchao'),(1512,49,'Wakka'),(1513,49,'Laju'),(1514,42,'Ziro (Sadar)'),(1515,42,'Old Ziro'),(1516,42,'Yachuli'),(1517,42,'Yazali'),(1518,42,'Pistana'),(1519,42,'Kamporijo'),(1520,42,'Dollungmukh'),(1521,42,'Raga'),(1522,36,'Palin'),(1523,36,'Yangte'),(1524,36,'Sangram'),(1525,36,'Nyapin'),(1526,36,'Phassang'),(1527,36,'Koloriang'),(1528,36,'Chambang'),(1529,36,'Gangte'),(1530,36,'Tarak-Lengdi'),(1531,36,'Sarli'),(1532,36,'Parsi-Parlo'),(1533,36,'Damin'),(1534,36,'Longding Koling (Pipsorang)'),(1535,36,'Tali'),(1536,30,'Mipi'),(1537,30,'Anini'),(1538,30,'Etalin'),(1539,30,'Anelih'),(1540,30,'Kronli (Arzoo circle)'),(1541,40,'Hunli'),(1542,40,'Desali'),(1543,40,'Roing'),(1544,40,'Dambuk'),(1545,40,'Tinali ( Paglam )'),(1546,40,'Koronu'),(1547,38,'Sunpura'),(1548,38,'Tezu'),(1549,38,'Wakro'),(1550,38,'Chongkham'),(1551,38,'Namsai'),(1552,38,'Lathao'),(1553,38,'Piyong'),(1554,38,'Lekang (Mahadevpur)'),(1555,27,'Hayuliang'),(1556,27,'Manchal'),(1557,27,'Goiliang'),(1558,27,'Chaglagam'),(1559,27,'Metengliang'),(1560,27,'Kibithoo'),(1561,27,'Walong'),(1562,27,'Hawai'),(1563,434,'Naginimora'),(1564,434,'Tizit'),(1565,434,'Hunta'),(1566,434,'Shangnyu'),(1567,434,'Mon Sadar'),(1568,434,'Wakching'),(1569,434,'Aboi'),(1570,434,'Longshen'),(1571,434,'Phomching'),(1572,434,'Chen'),(1573,434,'Angjangyang'),(1574,434,'Mopong'),(1575,434,'Tobu'),(1576,434,'Monyakshu'),(1577,433,'Longchem'),(1578,433,'Alongkima'),(1579,433,'Tuli'),(1580,433,'Changtongya'),(1581,433,'Chuchuyimlang'),(1582,433,'Kubolong'),(1583,433,'Mangkolemba'),(1584,433,'Merangmen'),(1585,433,'Ongpangkong'),(1586,443,'V.K.'),(1587,443,'Akuluto'),(1588,443,'Suruhuto'),(1589,443,'Asuto'),(1590,443,'Aghunato'),(1591,443,'Zunheboto Sadar'),(1592,443,'Atoizu'),(1593,443,'Akuhaito'),(1594,443,'Pughoboto'),(1595,443,'Ghathashi'),(1596,443,'Satakha'),(1597,443,'Saptiqa'),(1598,443,'Satoi'),(1599,442,'Changpang'),(1600,442,'Aitepyong'),(1601,442,'Bhandari'),(1602,442,'Baghty'),(1603,442,'Sungro'),(1604,442,'Sanis'),(1605,442,'Lotsu'),(1606,442,'Ralan'),(1607,442,'Wozhuro'),(1608,442,'Wokha Sadar'),(1609,442,'Englan'),(1610,442,'Chukitong'),(1611,429,'Niuland'),(1612,429,'Aquqhnaqua'),(1613,429,'Kuhoboto'),(1614,429,'Nihokhu'),(1615,429,'Dimapur Sadar'),(1616,429,'Chumukedima'),(1617,429,'Dhansiripar'),(1618,429,'Medziphema'),(1619,438,'Sekruzu'),(1620,438,'Phek Sadar'),(1621,438,'Khuza'),(1622,438,'Meluri'),(1623,438,'Phor'),(1624,438,'Phokhungri'),(1625,438,'Chozuba'),(1626,438,'Chetheba'),(1627,438,'Sakraba'),(1628,438,'Pfutsero'),(1629,438,'Zuketsa'),(1630,438,'Khezhakeno'),(1631,438,'Chizami'),(1632,438,'Razieba'),(1633,441,'Noksen'),(1634,441,'Chare'),(1635,441,'Longkhim'),(1636,441,'Tuensang Sadar'),(1637,441,'Ngoungchung'),(1638,441,'Sangsangnyu'),(1639,441,'Sotokur'),(1640,441,'Noklak'),(1641,441,'Chingmei'),(1642,441,'Nokhu'),(1643,441,'Panso'),(1644,441,'Shamator'),(1645,441,'Tsurungto'),(1646,441,'Chessore'),(1647,441,'Mangko'),(1648,441,'Thonoknyu'),(1649,432,'Tamlu'),(1650,432,'Namsang'),(1651,432,'Yongnyah'),(1652,432,'Longleng'),(1653,432,'Sakshi'),(1654,430,'Seyochung'),(1655,430,'Amahator'),(1656,430,'Kiphire Sadar'),(1657,430,'Kiusam'),(1658,430,'Sitimi'),(1659,430,'Longmatra'),(1660,430,'Pungro'),(1661,430,'Khongsa'),(1662,431,'Tseminyu'),(1663,431,'Tsogin'),(1664,431,'Chiephobozou'),(1665,431,'Botsa'),(1666,431,'Kezocha'),(1667,431,'Jakhama'),(1668,431,'Kohima Sadar'),(1669,431,'Sechu-Zubza'),(1670,437,'Pedi (Ngwalwa)'),(1671,437,'Jalukie'),(1672,437,'Athibung'),(1673,437,'Kebai Khelma'),(1674,437,'Nsong'),(1675,437,'Tening'),(1676,437,'Peren'),(1677,400,'Mao-Maram'),(1678,400,'Paomata'),(1679,400,'Purul'),(1680,400,'Sadar Hills West'),(1681,400,'Saitu-Gamphazol'),(1682,400,'Sadar Hills East'),(1683,401,'Tamenglong West'),(1684,401,'Tamenglong North'),(1685,401,'Tamenglong'),(1686,401,'Nungba'),(1687,391,'Tipaimukh'),(1688,391,'Thanlon'),(1689,391,'Churachandpur North'),(1690,391,'Churachandpur'),(1691,391,'Singngat'),(1692,389,'Nambol'),(1693,389,'Bishnupur'),(1694,389,'Moirang'),(1695,403,'Lilong'),(1696,403,'Thoubal'),(1697,403,'Kakching'),(1698,393,'Lamshang'),(1699,393,'Patsoi'),(1700,393,'Lamphelpat'),(1701,393,'Wangoi'),(1702,392,'Jiribam'),(1703,392,'Sawombung'),(1704,392,'Porompat'),(1705,392,'Keirao Bitra'),(1706,404,'Ukhrul North'),(1707,404,'Ukhurl Central'),(1708,404,'Kamjong-Chassad'),(1709,404,'Phungyar-Phaisat'),(1710,404,'Ukhrul South'),(1711,390,'Machi'),(1712,390,'Tengnoupal'),(1713,390,'Chandel'),(1714,390,'Chakpikarong'),(1715,424,'Zawlnuam'),(1716,424,'West Phaileng'),(1717,424,'Reiek'),(1718,421,'\'N\' Thingdawl'),(1719,421,'Bilkhawthlir'),(1720,421,'Tlangnuam (Part)'),(1721,417,'Tlangnuam (Part)'),(1722,417,'Darlawn'),(1723,417,'Phullen'),(1724,417,'Aibawk'),(1725,417,'Thingsulthliah (Part)'),(1726,418,'Ngopa'),(1727,418,'Khawzawl'),(1728,418,'Champhai'),(1729,418,'Khawbung'),(1730,418,'East Lungdar (Part)'),(1731,427,'Thingsulthliah (Part)'),(1732,427,'Serchhip'),(1733,427,'East Lungdar (Part)'),(1734,423,'West Bunghmun'),(1735,423,'Lungsen'),(1736,423,'Lunglei'),(1737,423,'Hnahthial'),(1738,422,'Chawngte'),(1739,422,'Lawngtlai'),(1740,422,'S\' Bungtlang'),(1741,422,'Sangau'),(1742,425,'Tuipang'),(1743,425,'Saiha'),(1744,631,'Mohanpur'),(1745,631,'Hezamara'),(1746,631,'Padmabil'),(1747,631,'Khowai'),(1748,631,'Tulashikhar'),(1749,631,'Kalyanpur'),(1750,631,'Teliamura'),(1751,631,'Mungiakumi'),(1752,631,'Mandai'),(1753,631,'Jirania'),(1754,631,'Dukli'),(1755,631,'Jampuijala'),(1756,631,'Bishalgarh'),(1757,631,'Boxanagar'),(1758,631,'Melaghar'),(1759,631,'Kathalia'),(1760,629,'Killa'),(1761,629,'Amarpur'),(1762,629,'Ompi'),(1763,629,'Matarbari'),(1764,629,'Kakraban'),(1765,629,'Rajnagar'),(1766,629,'Hrishyamukh'),(1767,629,'Bokafa'),(1768,629,'Karbuk'),(1769,629,'Rupaichhari'),(1770,629,'Satchand'),(1771,624,'Salema'),(1772,624,'Manu'),(1773,624,'Ambassa'),(1774,624,'Chhamanu'),(1775,624,'Dumburnagar'),(1776,627,'Gournagar'),(1777,627,'Kadamtala'),(1778,627,'Panisagar'),(1779,627,'Damchhara'),(1780,627,'Pencharthal'),(1781,627,'Kumarghat'),(1782,627,'Dasda'),(1783,627,'Jampuii hills'),(1784,414,'Selsella'),(1785,414,'Dadenggiri'),(1786,414,'Tikrikilla'),(1787,414,'Rongram'),(1788,414,'Betasing'),(1789,414,'Zikzak'),(1790,414,'Gambegre'),(1791,414,'Dalu'),(1792,405,'Resubelpara'),(1793,405,'Dambo Rongjeng'),(1794,405,'Kharkutta'),(1795,405,'Songsak'),(1796,405,'Samanda'),(1797,411,'Chokpot'),(1798,411,'Gasuapara'),(1799,411,'Baghmara'),(1800,411,'Rongara'),(1801,416,'Mawshynrut'),(1802,416,'Nongstoin'),(1803,416,'Mawthadraishan'),(1804,416,'Mairang'),(1805,416,'Ranikor'),(1806,416,'Mawkyrwat'),(1807,410,'Umling'),(1808,410,'Jirang'),(1809,410,'Umsning'),(1810,407,'Mawphlang'),(1811,407,'Mylliem'),(1812,407,'Mawryngkneng'),(1813,407,'Mawkynrew'),(1814,407,'Khatarshnong Laitkroh'),(1815,407,'Mawsynram'),(1816,407,'Shella Bholaganj'),(1817,407,'Pynursla'),(1818,415,'Thadlaskein'),(1819,415,'Laskein'),(1820,415,'Amlarem'),(1821,415,'Khliehriat'),(1822,415,'Saipung'),(1823,76,'Gossaigaon (Pt)'),(1824,76,'Bhowraguri'),(1825,76,'Dotoma'),(1826,76,'Kokrajhar (Pt)'),(1827,76,'Bagribari (Pt)'),(1828,76,'Golokganj (Pt)'),(1829,76,'Dhubri (Pt)'),(1830,76,'Bilasipara (Pt)'),(1831,76,'Chapar (Pt)'),(1832,64,'Gossaigaon (Pt)'),(1833,64,'Bagribari (Pt)'),(1834,64,'Agamoni'),(1835,64,'Golokganj (Pt)'),(1836,64,'Dhubri (Pt)'),(1837,64,'Bilasipara (Pt)'),(1838,64,'Chapar (Pt)'),(1839,64,'South Salmara'),(1840,64,'Mankachar'),(1841,67,'Lakhipur'),(1842,67,'Balijana'),(1843,67,'Matia'),(1844,67,'Dudhnai'),(1845,67,'Rangjuli'),(1846,56,'Barnagar (Pt)'),(1847,56,'Kalgachia'),(1848,56,'Baghbor'),(1849,56,'Chenga'),(1850,56,'Barpeta'),(1851,56,'Sarthebari'),(1852,56,'Bajali (Pt)'),(1853,56,'Sarupeta (Pt)'),(1854,56,'Jalah (Pt)'),(1855,79,'Mayong'),(1856,79,'Bhuragaon'),(1857,79,'Laharighat'),(1858,79,'Marigaon'),(1859,79,'Mikirbheta'),(1860,80,'Kaliabor'),(1861,80,'Samaguri'),(1862,80,'Rupahi'),(1863,80,'Dhing'),(1864,80,'Nagaon'),(1865,80,'Raha'),(1866,80,'Kampur'),(1867,80,'Hojai'),(1868,80,'Doboka'),(1869,80,'Lanka'),(1870,83,'Dhekiajuli (Pt)'),(1871,83,'Chariduar'),(1872,83,'Tezpur'),(1873,83,'Na-Duar'),(1874,83,'Biswanath'),(1875,83,'Helem'),(1876,83,'Gohpur'),(1877,77,'Narayanpur'),(1878,77,'Bihpuria'),(1879,77,'Naobaicha'),(1880,77,'Kadam'),(1881,77,'North Lakhimpur'),(1882,77,'Dhakuakhana (Pt-I)'),(1883,77,'Subansiri (Pt-I)'),(1884,63,'Dhakuakhana (Pt-I)'),(1885,63,'Subansiri (Pt-I)'),(1886,63,'Dhemaji'),(1887,63,'Sissibargaon'),(1888,63,'Jonai'),(1889,63,'Gogamukh'),(1890,86,'Sadiya'),(1891,86,'Doom Dooma'),(1892,86,'Tinsukia'),(1893,86,'Margherita'),(1894,65,'Dibrugarh West'),(1895,65,'Dibrugarh East'),(1896,65,'Chabua'),(1897,65,'Tengakhat'),(1898,65,'Moran'),(1899,65,'Tingkhong'),(1900,65,'Naharkatiya'),(1901,82,'Dimow'),(1902,82,'Sibsagar'),(1903,82,'Amguri'),(1904,82,'Nazira'),(1905,82,'Sonari'),(1906,82,'Mahmora'),(1907,71,'Majuli'),(1908,71,'Jorhat West'),(1909,71,'Jorhat East'),(1910,71,'Teok'),(1911,71,'Titabor'),(1912,71,'Mariani'),(1913,68,'Bokakhat'),(1914,68,'Khumtai'),(1915,68,'Dergaon'),(1916,68,'Golaghat'),(1917,68,'Morangi'),(1918,68,'Sarupathar'),(1919,74,'Donka'),(1920,74,'Diphu'),(1921,74,'Phuloni'),(1922,74,'Silonijan'),(1923,66,'Umrangso'),(1924,66,'Haflong'),(1925,66,'Mahur'),(1926,66,'Maibong'),(1927,59,'Katigora'),(1928,59,'Silchar'),(1929,59,'Udarbond'),(1930,59,'Sonai'),(1931,59,'Lakhipur'),(1932,75,'Karimganj'),(1933,75,'Badarpur'),(1934,75,'Nilambazar'),(1935,75,'Patharkandi'),(1936,75,'Ramkrishna Nagar'),(1937,69,'Algapur'),(1938,69,'Hailakandi'),(1939,69,'Lala'),(1940,69,'Katlichara'),(1941,58,'Bongaigaon (Pt)'),(1942,58,'Boitamari'),(1943,58,'Srijangram'),(1944,58,'Sidli (Pt)'),(1945,58,'Bijni (Pt)'),(1946,61,'Kokrajhar (Pt)'),(1947,61,'Barnagar (Pt)'),(1948,61,'Bongaigaon (Pt)'),(1949,61,'Bengtol'),(1950,61,'Sidli (Pt)'),(1951,61,'Bijni (Pt)'),(1952,72,'North Guwahati (Pt)'),(1953,72,'Azara'),(1954,72,'Guwahati'),(1955,72,'Dispur'),(1956,72,'Sonapur'),(1957,72,'Chandrapur'),(1958,81,'Tihu (Pt)'),(1959,81,'Pachim Nalbari'),(1960,81,'Barkhetri'),(1961,81,'Barbhag'),(1962,81,'Nalbari'),(1963,81,'Banekuchi'),(1964,81,'Ghograpar (Pt)'),(1965,81,'Baganpara (Pt)'),(1966,81,'Barama (Pt)'),(1967,55,'Barnagar (Pt)'),(1968,55,'Bajali (Pt)'),(1969,55,'Sarupeta (Pt)'),(1970,55,'Rangia (Pt)'),(1971,55,'Tihu (Pt)'),(1972,55,'Ghograpar (Pt)'),(1973,55,'Baganpara (Pt)'),(1974,55,'Jalah (Pt)'),(1975,55,'Goreswar (Pt)'),(1976,55,'Barama (Pt)'),(1977,55,'Baska'),(1978,55,'Tamulpur'),(1979,55,'Pathorighat (Pt)'),(1980,62,'Khoirabari (Pt)'),(1981,62,'Pathorighat (Pt)'),(1982,62,'Sipajhar'),(1983,62,'Mangaldoi (Pt)'),(1984,62,'Dalgaon (Pt)'),(1985,62,'Kalaigaon (Pt)'),(1986,87,'Dhekiajuli (Pt)'),(1987,87,'Khoirabari (Pt)'),(1988,87,'Pathorighat (Pt)'),(1989,87,'Mangaldoi (Pt)'),(1990,87,'Dalgaon (Pt)'),(1991,87,'Kalaigaon (Pt)'),(1992,87,'Harisinga'),(1993,87,'Udalguri'),(1994,87,'Mazbat'),(1995,725,'Darjeeling Pulbazar'),(1996,725,'Rangli Rangliot'),(1997,725,'Kalimpong -I'),(1998,725,'Kalimpong - II'),(1999,725,'Gorubathan'),(2000,725,'Jorebunglow Sukiapokhri'),(2001,725,'Mirik'),(2002,725,'Kurseong'),(2003,725,'Matigara'),(2004,725,'Naxalbari'),(2005,725,'Phansidewa'),(2006,725,'Kharibari'),(2007,728,'Rajganj'),(2008,728,'Mal'),(2009,728,'Matiali'),(2010,728,'Nagrakata'),(2011,728,'Madarihat'),(2012,728,'Kalchini'),(2013,728,'Kumargram'),(2014,728,'Alipurduar - I'),(2015,728,'Alipurduar - II'),(2016,728,'Falakata'),(2017,728,'Dhupguri'),(2018,728,'Maynaguri'),(2019,728,'Jalpaiguri'),(2020,742,'Chopra'),(2021,742,'Islampur'),(2022,742,'Goalpokhar - I'),(2023,742,'Goalpokhar - II'),(2024,742,'Karandighi'),(2025,742,'Raiganj'),(2026,742,'Hemtabad'),(2027,742,'Kaliaganj'),(2028,742,'Itahar'),(2029,724,'Kushmundi'),(2030,724,'Gangarampur'),(2031,724,'Kumarganj'),(2032,724,'Hilli'),(2033,724,'Balurghat'),(2034,724,'Tapan'),(2035,724,'Bansihari'),(2036,724,'Harirampur'),(2037,732,'Harischandrapur - I'),(2038,732,'Harischandrapur - II'),(2039,732,'Chanchal - I'),(2040,732,'Chanchal - II'),(2041,732,'Ratua - I'),(2042,732,'Ratua - II'),(2043,732,'Gazole'),(2044,732,'Bamangola'),(2045,732,'Habibpur'),(2046,732,'Maldah (Old)'),(2047,732,'English Bazar'),(2048,732,'Manikchak'),(2049,732,'Kaliachak - I'),(2050,732,'Kaliachak - II'),(2051,732,'Kaliachak - III'),(2052,733,'Farakka'),(2053,733,'Samserganj'),(2054,733,'Suti - I'),(2055,733,'Suti - II'),(2056,733,'Raghunathganj - I'),(2057,733,'Raghunathganj - II'),(2058,733,'Lalgola'),(2059,733,'Sagardighi'),(2060,733,'Bhagawangola - I'),(2061,733,'Bhagawangola - II'),(2062,733,'Raninagar - II'),(2063,733,'Jalangi'),(2064,733,'Domkal'),(2065,733,'Raninagar - I'),(2066,733,'Murshidabad Jiaganj'),(2067,733,'Nabagram'),(2068,733,'Khargram'),(2069,733,'Kandi'),(2070,733,'Berhampore'),(2071,733,'Hariharpara'),(2072,733,'Nawda'),(2073,733,'Beldanga - I'),(2074,733,'Beldanga - II'),(2075,733,'Bharatpur - II'),(2076,733,'Bharatpur - I'),(2077,733,'Burwan'),(2078,722,'Murarai - I'),(2079,722,'Murarai - II'),(2080,722,'Nalhati - I'),(2081,722,'Nalhati - II'),(2082,722,'Rampurhat - I'),(2083,722,'Rampurhat - II'),(2084,722,'Mayureswar - I'),(2085,722,'Mayureswar - II'),(2086,722,'Mohammad Bazar'),(2087,722,'Rajnagar'),(2088,722,'Suri - I'),(2089,722,'Suri - II'),(2090,722,'Sainthia'),(2091,722,'Labpur'),(2092,722,'Nanoor'),(2093,722,'Bolpur Sriniketan'),(2094,722,'Illambazar'),(2095,722,'Dubrajpur'),(2096,722,'Khoyrasol'),(2097,734,'Karimpur - I'),(2098,734,'Karimpur - II'),(2099,734,'Tehatta - I'),(2100,734,'Tehatta - II'),(2101,734,'Kaliganj'),(2102,734,'Nakashipara'),(2103,734,'Chapra'),(2104,734,'Krishnagar - II'),(2105,734,'Nabadwip'),(2106,734,'Krishnagar - I'),(2107,734,'Krishnaganj'),(2108,734,'Hanskhali'),(2109,734,'Santipur'),(2110,734,'Ranaghat - I'),(2111,734,'Ranaghat - II'),(2112,734,'Chakdah'),(2113,734,'Haringhata'),(2114,721,'Saltora'),(2115,721,'Mejhia'),(2116,721,'Gangajalghati'),(2117,721,'Chhatna'),(2118,721,'Indpur'),(2119,721,'Bankura - I'),(2120,721,'Bankura - II'),(2121,721,'Barjora'),(2122,721,'Sonamukhi'),(2123,721,'Patrasayer'),(2124,721,'Indus'),(2125,721,'Kotulpur'),(2126,721,'Jaypur'),(2127,721,'Vishnupur'),(2128,721,'Onda'),(2129,721,'Taldangra'),(2130,721,'Simlapal'),(2131,721,'Khatra'),(2132,721,'Hirbandh'),(2133,721,'Ranibundh'),(2134,721,'Raipur'),(2135,721,'Sarenga'),(2136,740,'Jaipur'),(2137,740,'Purulia - II'),(2138,740,'Para'),(2139,740,'Raghunathpur - II'),(2140,740,'Raghunathpur - I'),(2141,740,'Neturia'),(2142,740,'Santuri'),(2143,740,'Kashipur'),(2144,740,'Hura'),(2145,740,'Purulia - I'),(2146,740,'Puncha'),(2147,740,'Arsha'),(2148,740,'Jhalda - I'),(2149,740,'Jhalda - II'),(2150,740,'Bagmundi'),(2151,740,'Balarampur'),(2152,740,'Barabazar'),(2153,740,'Manbazar - I'),(2154,740,'Manbazar - II'),(2155,740,'Bundwan'),(2156,317,'Udaynarayanpur'),(2157,317,'Amta - II'),(2158,317,'Amta - I'),(2159,317,'Jagatballavpur'),(2160,317,'Domjur'),(2161,317,'Bally Jagachha'),(2162,317,'Sankrail'),(2163,317,'Panchla'),(2164,317,'Uluberia - II'),(2165,317,'Uluberia - I'),(2166,317,'Bagnan - I'),(2167,317,'Bagnan - II'),(2168,317,'Shyampur - I'),(2169,317,'Shyampur - II'),(2170,737,'Binpur - II'),(2171,737,'Binpur - I'),(2172,737,'Garbeta - II'),(2173,737,'Garbeta - I'),(2174,737,'Garbeta - III'),(2175,737,'Chandrakona - I'),(2176,737,'Chandrakona - II'),(2177,737,'Ghatal'),(2178,737,'Daspur - I'),(2179,737,'Daspur - II'),(2180,737,'Keshpur'),(2181,737,'Salbani'),(2182,737,'Midnapore'),(2183,737,'Jhargram'),(2184,737,'Jamboni'),(2185,737,'Gopiballavpur - II'),(2186,737,'Gopiballavpur - I'),(2187,737,'Nayagram'),(2188,737,'Sankrail'),(2189,737,'Kharagpur - I'),(2190,737,'Kharagpur - II'),(2191,737,'Debra'),(2192,737,'Pingla'),(2193,737,'Sabang'),(2194,737,'Narayangarh'),(2195,737,'Keshiary'),(2196,737,'Dantan - I'),(2197,737,'Dantan - II'),(2198,737,'Mohanpur'),(2199,739,'Panskura'),(2200,739,'Kolaghat'),(2201,739,'Tamluk'),(2202,739,'Sahid Matangini'),(2203,739,'Nanda Kumar'),(2204,739,'Mahisadal'),(2205,739,'Moyna'),(2206,739,'Potashpur - I'),(2207,739,'Potashpur - II'),(2208,739,'Bhagawanpur - II'),(2209,739,'Bhagawanpur - I'),(2210,739,'Chandipur'),(2211,739,'Sutahata'),(2212,739,'Haldia'),(2213,739,'Nandigram - I'),(2214,739,'Nandigram - II'),(2215,739,'Khejuri - I'),(2216,739,'Khejuri - II'),(2217,739,'Contai - I'),(2218,739,'Deshopran'),(2219,739,'Contai - III'),(2220,739,'Egra - I'),(2221,739,'Egra - II'),(2222,739,'Ramnagar - I'),(2223,739,'Ramnagar - II'),(2224,235,'Kharaundhi'),(2225,235,'Bhawnathpur'),(2226,235,'Ketar*'),(2227,235,'Ketar'),(2228,235,'Kandi'),(2229,235,'Majhiaon'),(2230,235,'Bardiha'),(2231,235,'Ramna'),(2232,235,'Bishunpura'),(2233,235,'Nagaruntari'),(2234,235,'Dhurki'),(2235,235,'Sagma'),(2236,235,'Dandai'),(2237,235,'Chinia'),(2238,235,'Meral (Pipra Kalan)'),(2239,235,'Garhwa'),(2240,235,'Danda'),(2241,235,'Ranka'),(2242,235,'Ramkanda'),(2243,235,'Bhandaria'),(2244,230,'Shaligram Ram Narayanpur(Hunterganj)'),(2245,230,'Pratappur'),(2246,230,'Kunda'),(2247,230,'Lawalaung'),(2248,230,'Chatra'),(2249,230,'Kanha Chatti'),(2250,230,'Itkhori'),(2251,230,'Mayur Hand'),(2252,230,'Gidhaur'),(2253,230,'Pathalgora'),(2254,230,'Simaria'),(2255,230,'Tandwa'),(2256,242,'Satgawan'),(2257,242,'Kodarma'),(2258,242,'Domchanch'),(2259,242,'Jainagar'),(2260,242,'Chandwara'),(2261,242,'Markacho'),(2262,236,'Gawan'),(2263,236,'Tisri'),(2264,236,'Deori'),(2265,236,'Dhanwar'),(2266,236,'Jamua'),(2267,236,'Bengabad'),(2268,236,'Gande'),(2269,236,'Giridih'),(2270,236,'Birni'),(2271,236,'Bagodar'),(2272,236,'Sariya'),(2273,236,'Dumri'),(2274,236,'Pirtanr'),(2275,231,'Deoghar'),(2276,231,'Mohanpur'),(2277,231,'Sarwan'),(2278,231,'Sona Rai Tharhi'),(2279,231,'Devipur'),(2280,231,'Madhupur'),(2281,231,'Margo Munda'),(2282,231,'Karon'),(2283,231,'Sarath'),(2284,231,'Palojori'),(2285,237,'Meherma'),(2286,237,'Thakurgangti'),(2287,237,'Boarijor'),(2288,237,'Mahagama'),(2289,237,'Pathargama'),(2290,237,'Bashant Rai*'),(2291,237,'Bashant Rai'),(2292,237,'Godda'),(2293,237,'Poreyahat'),(2294,237,'Sundarpahari'),(2295,249,'Sahibganj'),(2296,249,'Mandro'),(2297,249,'Borio'),(2298,249,'Barhait'),(2299,249,'Taljhari'),(2300,249,'Rajmahal'),(2301,249,'Udhwa'),(2302,249,'Pathna'),(2303,249,'Barharwa'),(2304,245,'Litipara'),(2305,245,'Amrapara'),(2306,245,'Hiranpur'),(2307,245,'Pakaur'),(2308,245,'Maheshpur'),(2309,245,'Pakuria'),(2310,232,'Tundi'),(2311,232,'Purbi Tundi*'),(2312,232,'Purbi Tundi'),(2313,232,'Topchanchi'),(2314,232,'Baghmara-Cum-Katras'),(2315,232,'Gobindpur'),(2316,232,'Dhanbad-Cum-Kenduadih-Cum-Jagata'),(2317,232,'Jharia-Cum-Jorapokhar-Cum-Sindri'),(2318,232,'Baliapur'),(2319,232,'Nirsa-Cum-Chirkunda'),(2320,229,'Nawadih'),(2321,229,'Chandrapura'),(2322,229,'Bermo'),(2323,229,'Gumia'),(2324,229,'Peterwar'),(2325,229,'Kasmar'),(2326,229,'Jaridih'),(2327,229,'Chas'),(2328,229,'Chandankiyari'),(2329,244,'Kisko'),(2330,244,'Peshrar'),(2331,244,'Kuru'),(2332,244,'Kairo'),(2333,244,'Lohardaga'),(2334,244,'Senha'),(2335,244,'Bhandra'),(2336,246,'Hussainabad'),(2337,246,'Haidernagar'),(2338,246,'Mohammad Ganj'),(2339,246,'Hariharganj'),(2340,246,'Pipra'),(2341,246,'Chhatarpur'),(2342,246,'Nawadiha Bazar/Nawadiha*'),(2343,246,'Nawadiha Bazar/Nawadiha'),(2344,246,'Pandu'),(2345,246,'Untari Road'),(2346,246,'Bishrampur'),(2347,246,'Nawa Bazar'),(2348,246,'Patan'),(2349,246,'Padwa'),(2350,246,'Manatu'),(2351,246,'Tarhasi'),(2352,246,'Panki'),(2353,246,'Satbarwa'),(2354,246,'Nilambar-Pitambarpur(Lesliganj)'),(2355,246,'Medininagar(Daltonganj)'),(2356,246,'Chainpur'),(2357,243,'Manika'),(2358,243,'Barwadih'),(2359,243,'Mahuadanr'),(2360,243,'Garu'),(2361,243,'Latehar'),(2362,243,'Balumath'),(2363,243,'Bariyatu'),(2364,243,'Herhanj'),(2365,243,'Chandwa'),(2366,239,'Chauparan'),(2367,239,'Barhi'),(2368,239,'Padma'),(2369,239,'Ichak'),(2370,239,'Tati Jhariya'),(2371,239,'Daru'),(2372,239,'Barkatha'),(2373,239,'Chalkusa'),(2374,239,'Bishungarh'),(2375,239,'Hazaribag'),(2376,239,'Katkamsandi'),(2377,239,'Katamdag'),(2378,239,'Keredari'),(2379,239,'Barkagaon'),(2380,239,'Churchu'),(2381,239,'Dadi'),(2382,247,'Patratu'),(2383,247,'Mandu'),(2384,247,'Ramgarh'),(2385,247,'Dulmi'),(2386,247,'Chitarpur'),(2387,247,'Gola'),(2388,233,'Saraiyahat'),(2389,233,'Jarmundi'),(2390,233,'Ramgarh'),(2391,233,'Gopikandar'),(2392,233,'Kathikund'),(2393,233,'Shikaripara'),(2394,233,'Ranishwar'),(2395,233,'Dumka'),(2396,233,'Jama'),(2397,233,'Masalia'),(2398,240,'Narayanpur'),(2399,240,'Karma Tanr Vidyasagar*'),(2400,240,'Karma Tanr Vidyasagar'),(2401,240,'Jamtara'),(2402,240,'Nala'),(2403,240,'Fatehpur'),(2404,240,'Kundhit'),(2405,248,'Burmu'),(2406,248,'Khelari'),(2407,248,'Kanke'),(2408,248,'Ormanjhi'),(2409,248,'Angara'),(2410,248,'Rahe'),(2411,248,'Silli'),(2412,248,'Sonahatu'),(2413,248,'Namkum'),(2414,248,'Ratu'),(2415,248,'Nagri'),(2416,248,'Mandar'),(2417,248,'Chanho'),(2418,248,'Bero'),(2419,248,'Itki'),(2420,248,'Lapung'),(2421,248,'Bundu'),(2422,248,'Tamar I'),(2423,241,'Karra'),(2424,241,'Torpa'),(2425,241,'Rania'),(2426,241,'Murhu'),(2427,241,'Khunti'),(2428,241,'Erki(Tamar II)'),(2429,238,'Bishunpur'),(2430,238,'Ghaghra'),(2431,238,'Sisai'),(2432,238,'Verno'),(2433,238,'Kamdara'),(2434,238,'Basia'),(2435,238,'Gumla'),(2436,238,'Chainpur'),(2437,238,'Dumri'),(2438,238,'Albert Ekka(Jari)'),(2439,238,'Raidih'),(2440,238,'Palkot'),(2441,251,'Simdega'),(2442,251,'Pakar Tanr'),(2443,251,'Kurdeg'),(2444,251,'Kersai'),(2445,251,'Bolba'),(2446,251,'Thethaitangar'),(2447,251,'Kolebira'),(2448,251,'Jaldega'),(2449,251,'Bansjor'),(2450,251,'Bano'),(2451,250,'Kuchai'),(2452,250,'Kharsawan'),(2453,250,'Chandil'),(2454,250,'Ichagarh'),(2455,250,'Kukru'),(2456,250,'Nimdih'),(2457,250,'Adityapur(Gamharia)'),(2458,250,'Saraikela'),(2459,250,'Gobindpur(Rajnagar)'),(2460,447,'Paikamal'),(2461,447,'Jharbandha'),(2462,447,'Padmapur'),(2463,447,'Burden'),(2464,447,'BurdenP.S.'),(2465,447,'Gaisilet'),(2466,447,'Melchhamunda'),(2467,447,'Sohela'),(2468,447,'Bijepur'),(2469,447,'Barapali'),(2470,447,'Bheden'),(2471,447,'Bargarh'),(2472,447,'Bargarh Sadar'),(2473,447,'Bhatli'),(2474,447,'Ambabhona'),(2475,447,'Attabira'),(2476,457,'Rengali'),(2477,457,'Lakhanpur'),(2478,457,'Belpahar'),(2479,457,'Banaharapali'),(2480,457,'Orient'),(2481,457,'Brajarajnagar'),(2482,457,'Jharsuguda'),(2483,457,'Badmal'),(2484,457,'Laikera'),(2485,457,'Kolabira'),(2486,471,'Govindpur'),(2487,471,'Mahulpalli'),(2488,471,'Kochinda'),(2489,471,'Katarbaga'),(2490,471,'Thelkoloi'),(2491,471,'Rengali'),(2492,471,'Sasan'),(2493,471,'Hirakud'),(2494,471,'Burla'),(2495,471,'Dhanupali'),(2496,471,'Ainthapali'),(2497,471,'Sadar'),(2498,471,'Jamankira'),(2499,471,'Kisinda'),(2500,471,'Jujomura'),(2501,471,'Dhama'),(2502,471,'Charamal'),(2503,471,'Rairakhol'),(2504,471,'Naktideul'),(2505,471,'Sambalpur (M)'),(2506,451,'Debagarh'),(2507,451,'Barkot'),(2508,451,'Kundheigola'),(2509,451,'Reamal'),(2510,473,'Hemgir'),(2511,473,'Lephripara'),(2512,473,'Bhasma'),(2513,473,'Dharuadihi'),(2514,473,'Sundargarh Town'),(2515,473,'Sundargarh'),(2516,473,'Kinjirkela'),(2517,473,'Talasara'),(2518,473,'Baragaon'),(2519,473,'Kutra'),(2520,473,'Rajagangapur'),(2521,473,'Raiboga'),(2522,473,'Biramitrapur'),(2523,473,'Hatibari'),(2524,473,'Bisra'),(2525,473,'Bondamunda'),(2526,473,'Brahmani Tarang'),(2527,473,'Raghunathapali'),(2528,473,'Tangarapali'),(2529,473,'Lathikata'),(2530,473,'Chandiposh'),(2531,473,'Kamarposh Balang'),(2532,473,'Koida'),(2533,473,'Lahunipara'),(2534,473,'Gurundia'),(2535,473,'Tikaetpali'),(2536,473,'Banei'),(2537,473,'Mahulapada'),(2538,473,'Raurkela (M)'),(2539,473,'Raurkela (ITS)'),(2540,473,'Raurkela (ITS)P.S.'),(2541,461,'Barbil'),(2542,461,'Bolani'),(2543,461,'Rugudi'),(2544,461,'Joda'),(2545,461,'Bamebari'),(2546,461,'Champua'),(2547,461,'Jhumpura'),(2548,461,'Baria'),(2549,461,'Turumunga'),(2550,461,'Patana'),(2551,461,'Kendujhar Sadar'),(2552,461,'Kendujhar Town'),(2553,461,'Nayakote'),(2554,461,'Kanjipani'),(2555,461,'Telkoi'),(2556,461,'Pandapara'),(2557,461,'Ghatgaon'),(2558,461,'Harichandanpur'),(2559,461,'Daitari'),(2560,461,'Ghasipura'),(2561,461,'Anandapur'),(2562,461,'Soso'),(2563,461,'Nandipada'),(2564,461,'Sainkul'),(2565,465,'Tiring'),(2566,465,'Bahalda'),(2567,465,'Jamda'),(2568,465,'Rairangpur Town'),(2569,465,'Gorumahisani'),(2570,465,'Jharpokharia'),(2571,465,'Bisoi'),(2572,465,'Rairangpur'),(2573,465,'Badampahar'),(2574,465,'Jashipur'),(2575,465,'Raruan'),(2576,465,'Ghagarbeda'),(2577,465,'Karanjia'),(2578,465,'Thakurmunda'),(2579,465,'Baripada Sadar'),(2580,465,'Baripada Town'),(2581,465,'Koliana'),(2582,465,'Bangiriposi'),(2583,465,'Chandua'),(2584,465,'Suliapada'),(2585,465,'Muruda'),(2586,465,'Rasagobindapur'),(2587,465,'Baisinga'),(2588,465,'Betanati'),(2589,465,'Barsahi'),(2590,465,'Khunta'),(2591,465,'Udala'),(2592,465,'Kaptipada'),(2593,465,'Sharata'),(2594,465,'Mahuldiha'),(2595,465,'Baripada (M)'),(2596,708,'Raibania'),(2597,708,'Jaleswar'),(2598,708,'Bhograi'),(2599,708,'Kamarda'),(2600,708,'Baliapal'),(2601,708,'Singla'),(2602,708,'Basta'),(2603,708,'Rupsa'),(2604,708,'Baleshwar Sadar'),(2605,708,'Sahadevkhunta'),(2606,708,'Chandipur'),(2607,708,'Balaramgadi Marine'),(2608,708,'Bampada'),(2609,708,'Remuna'),(2610,708,'Nilagiri'),(2611,708,'Berhampur'),(2612,708,'Oupada'),(2613,708,'Khaira'),(2614,708,'Soro'),(2615,708,'Similia'),(2616,708,'Baleshwar (M)'),(2617,448,'Agarpada'),(2618,448,'Bant'),(2619,448,'Bhandari Pokhari'),(2620,448,'Dhamanagar'),(2621,448,'Bhadrak Rural'),(2622,448,'Basudebpur'),(2623,448,'Naikanidihi'),(2624,448,'Tihidi'),(2625,448,'Dhusuri'),(2626,448,'Chandabali'),(2627,448,'Bansada'),(2628,448,'Dhamara Marine'),(2629,460,'Rajkanika'),(2630,460,'Rajnagar'),(2631,460,'Jamboo Marine'),(2632,460,'Aali'),(2633,460,'Pattamundai'),(2634,460,'Kendrapara'),(2635,460,'Kendrapara Sadar'),(2636,460,'Nikirai'),(2637,460,'Derabish'),(2638,460,'Patkura'),(2639,460,'Marsaghai'),(2640,460,'Mahakalapada'),(2641,455,'Paradip'),(2642,455,'Paradeep Lock'),(2643,455,'Kujang'),(2644,455,'Abhyachandpur'),(2645,455,'Ersama'),(2646,455,'Tirtol'),(2647,455,'Jagatsinghapur'),(2648,455,'Biridi'),(2649,455,'Naugaon'),(2650,455,'Balikuda'),(2651,450,'Narasinghpur'),(2652,450,'Kanpur'),(2653,450,'Badamba'),(2654,450,'Baidyeswar'),(2655,450,'Banki'),(2656,450,'Tigiria'),(2657,450,'Athagad'),(2658,450,'Barang'),(2659,450,'Gurudijhatia'),(2660,450,'Khuntuni'),(2661,450,'Choudwar'),(2662,450,'Tangi'),(2663,450,'Mahanga'),(2664,450,'Salepur'),(2665,450,'Nischintakoili'),(2666,450,'Nemalo'),(2667,450,'Kishannagar'),(2668,450,'Jagatpur'),(2669,450,'Cuttack Sadar'),(2670,450,'Kandarpur'),(2671,450,'C.R.R.I.'),(2672,450,'Gobindpur'),(2673,450,'Olatapur'),(2674,450,'Niali'),(2675,450,'Cuttack (M.Corp.) P.S'),(2676,450,'Cuttack (M Corp.)'),(2677,456,'Sukinda'),(2678,456,'Tomka'),(2679,456,'Kaliapani'),(2680,456,'Kalinganagar'),(2681,456,'Jakhapura'),(2682,456,'Jajapur Road'),(2683,456,'Korai'),(2684,456,'Panikoili'),(2685,456,'Jajapur'),(2686,456,'Jajpur Sadar'),(2687,456,'Dharmasala'),(2688,456,'Jenapur'),(2689,456,'Kuakhia'),(2690,456,'Badachana'),(2691,456,'Balichandrapur'),(2692,456,'Binjharpur'),(2693,456,'Bari - Ramachandrapur'),(2694,456,'Mangalpur'),(2695,452,'Parajang'),(2696,452,'Kamakshyanagar'),(2697,452,'Kankadahad'),(2698,452,'Bhuban'),(2699,452,'Gandia'),(2700,452,'Nihalprasad'),(2701,452,'Tumusingha'),(2702,452,'Motunga'),(2703,452,'Bhusan Steel Limited'),(2704,452,'Balimi'),(2705,452,'Hindol'),(2706,452,'Rasol'),(2707,452,'Dhenkanal Sadar'),(2708,444,'Bhusan Steel Limited'),(2709,444,'Palalahada'),(2710,444,'Khamar'),(2711,444,'Rengali Damsite'),(2712,444,'Kaniha'),(2713,444,'N.T.P.C.'),(2714,444,'Samal Barrage'),(2715,444,'Talcher Sadar'),(2716,444,'Colliery'),(2717,444,'Bikrampur'),(2718,444,'NALCO'),(2719,444,'Banarpal'),(2720,444,'Anugul'),(2721,444,'Jarapada'),(2722,444,'Industrial'),(2723,444,'Chhendipada'),(2724,444,'Handapa'),(2725,444,'Kishorenagar'),(2726,444,'Athmallik'),(2727,444,'Kiakata'),(2728,444,'Thakurgarh'),(2729,444,'Purunakot'),(2730,444,'Bantala'),(2731,467,'Gania'),(2732,467,'Dasapalla'),(2733,467,'Banigochha'),(2734,467,'Nuagaon'),(2735,467,'Khandapada'),(2736,467,'Fategarh'),(2737,467,'Nayagarh'),(2738,467,'Itamati'),(2739,467,'Nayagarh Sadar'),(2740,467,'Odagaon'),(2741,467,'Sarankul'),(2742,467,'Ranapur'),(2743,462,'Bolagad'),(2744,462,'Begunia'),(2745,462,'Khordha'),(2746,462,'Khordha Sadar'),(2747,462,'Chandaka'),(2748,462,'Nandankanan'),(2749,462,'Saheednagar'),(2750,462,'Mancheswar'),(2751,462,'Balianta'),(2752,462,'Balipatna'),(2753,462,'LINGARAJ'),(2754,462,'Airfield (Kapila Prasad)'),(2755,462,'Uttara P.S'),(2756,462,'Uttara'),(2757,462,'Khandagiri'),(2758,462,'Tamando'),(2759,462,'Jatani'),(2760,462,'Jankia'),(2761,462,'Nirakarpur'),(2762,462,'Tangi'),(2763,462,'Balugaon'),(2764,462,'Banapur'),(2765,462,'Bhubaneswar (M Corp.)'),(2766,462,'Bhubaneswar (M.Corp.)'),(2767,469,'Delanga'),(2768,469,'Pipili'),(2769,469,'Nimapada'),(2770,469,'Kakatpur'),(2771,469,'Astaranga'),(2772,469,'Konark'),(2773,469,'Gop'),(2774,469,'Ramachandi'),(2775,469,'Satyabadi'),(2776,469,'Chandanpur'),(2777,469,'Sadar'),(2778,469,'Brahmagiri'),(2779,469,'Gadisagada'),(2780,469,'Krushna Prasad'),(2781,469,'Puri (M)'),(2782,454,'TARASINGI'),(2783,454,'BUGUDA'),(2784,454,'Jagannath Prasad'),(2785,454,'BHANJANAGAR'),(2786,454,'Gangapur'),(2787,454,'SURADA'),(2788,454,'Badagada'),(2789,454,'ASIKA'),(2790,454,'Dharakote'),(2791,454,'KABISURYANAGAR'),(2792,454,'Polasara'),(2793,454,'Kodala'),(2794,454,'Khalikote'),(2795,454,'Rambha'),(2796,454,'Chhatrapur'),(2797,454,'Ganjam'),(2798,454,'Chamakhandi'),(2799,454,'ARJYAPALLI MARINE'),(2800,454,'PURUSOTTAMPUR'),(2801,454,'Hinjili'),(2802,454,'Patapur'),(2803,454,'SERAGAD'),(2804,454,'BRAHMAPUR SADAR'),(2805,454,'GOPALPUR'),(2806,454,'Golanthara'),(2807,454,'DIGAPAHANDI'),(2808,454,'Nuagaon'),(2809,454,'Jarada'),(2810,454,'Brahmapur (M.Corp.)'),(2811,454,'Ramagiri'),(2812,453,'Adva'),(2813,453,'Mohana'),(2814,453,'R.Udaygiri'),(2815,453,'Serango'),(2816,453,'Kashinagara'),(2817,453,'Parlakhemundi'),(2818,453,'Gurandi'),(2819,453,'Rayagada'),(2820,453,'Garabandha'),(2821,453,'Ramagiri'),(2822,459,'Gochhapada'),(2823,459,'Phulabani'),(2824,459,'Phulabani Town'),(2825,459,'Khajuripada'),(2826,459,'G.Udayagiri'),(2827,459,'Tikabali'),(2828,459,'Chakapada'),(2829,459,'Sarangagarh'),(2830,459,'Phiringia'),(2831,459,'Baliguda'),(2832,459,'Nuagaon'),(2833,459,'Tumudibandha'),(2834,459,'Belaghar'),(2835,459,'Kotagarh'),(2836,459,'Brahmanigaon'),(2837,459,'Daringbadi'),(2838,459,'Raikia'),(2839,449,'Kantamal'),(2840,449,'Manamunda'),(2841,449,'Baunsuni'),(2842,449,'Baudh Sadar'),(2843,449,'Puruna Katak'),(2844,449,'Harbhanga'),(2845,472,'Dunguripali'),(2846,472,'Rampur'),(2847,472,'Binika'),(2848,472,'Ulunda'),(2849,472,'Biramaharajpur'),(2850,472,'Subalaya'),(2851,472,'Sonapur'),(2852,472,'Tarbha'),(2853,445,'Loisinga'),(2854,445,'Balangir'),(2855,445,'Tushura'),(2856,445,'Patnagarh'),(2857,445,'Khaprakhol'),(2858,445,'Turekela'),(2859,445,'Belpara'),(2860,445,'Saintala'),(2861,445,'Kantabanji'),(2862,445,'Bangomunda'),(2863,445,'Sindhekela'),(2864,445,'Titlagarh'),(2865,468,'JONK'),(2866,468,'Nuapada'),(2867,468,'KOMNA'),(2868,468,'KHARIAR'),(2869,468,'Boden'),(2870,468,'SINAPALI'),(2871,458,'Kesinga'),(2872,458,'Madanpur Rampur'),(2873,458,'Narala'),(2874,458,'Lanjigarh'),(2875,458,'Biswanathpur'),(2876,458,'Sadar'),(2877,458,'Kegaon'),(2878,458,'Junagarh'),(2879,458,'Golamunda'),(2880,458,'Dharamgarh'),(2881,458,'Kokasara'),(2882,458,'Jayapatna'),(2883,458,'Thuamul Rampur'),(2884,470,'Ambadala'),(2885,470,'Muniguda'),(2886,470,'Chandrapur'),(2887,470,'Bishamakatak'),(2888,470,'Kalyanasingpur'),(2889,470,'Kashipur'),(2890,470,'Andirakanch'),(2891,470,'Tikiri'),(2892,470,'Doraguda'),(2893,470,'Rayagada'),(2894,470,'Seskhal'),(2895,470,'Gunupur'),(2896,470,'Gudari'),(2897,470,'Padmapur'),(2898,470,'Puttasing'),(2899,466,'Raighar'),(2900,466,'Kundei'),(2901,466,'Umarkote'),(2902,466,'Chandahandi'),(2903,466,'Jharigan'),(2904,466,'Dabugan'),(2905,466,'Paparahandi'),(2906,466,'Kodinga'),(2907,466,'Kosagumuda'),(2908,466,'Nabarangapur P.S'),(2909,466,'Nabarangapur'),(2910,466,'Tentulikhunti'),(2911,466,'Khatiguda'),(2912,463,'Kotpad'),(2913,463,'Boriguma'),(2914,463,'Bhairabsingipur'),(2915,463,'Dasamantapur'),(2916,463,'Lakshmipur'),(2917,463,'Narayanpatana'),(2918,463,'Bandhugaon'),(2919,463,'Kakiriguma'),(2920,463,'Koraput'),(2921,463,'Koraput Town'),(2922,463,'Jeypore'),(2923,463,'Kundura'),(2924,463,'Boipariguda'),(2925,463,'Machh kund'),(2926,463,'Padua'),(2927,463,'Nandapur'),(2928,463,'Similiguda'),(2929,463,'Sunabeda'),(2930,463,'Damonjodi'),(2931,463,'Pottangi'),(2932,463,'Kotiya'),(2933,464,'Malkangiri'),(2934,464,'Mathili'),(2935,464,'Mudulipada'),(2936,464,'Chitrakonda'),(2937,464,'Paparmetla'),(2938,464,'Jodamba'),(2939,464,'Orkel'),(2940,464,'Kalimela'),(2941,464,'Podia'),(2942,464,'M.V. 79'),(2943,464,'Motu'),(2944,146,'Bharatpur'),(2945,146,'Baikunthpur'),(2946,146,'Sonhat'),(2947,146,'Manendragarh'),(2948,146,'Khadganva'),(2949,159,'Ramanujganj'),(2950,159,'Balrampur'),(2951,159,'Wadrafnagar'),(2952,159,'Pratappur'),(2953,159,'Samri(kusmi)'),(2954,159,'Shankargarh'),(2955,159,'Surajpur'),(2956,159,'Oudgi'),(2957,159,'Bhaiyathan'),(2958,159,'Ramanujnagar'),(2959,159,'Premnagar'),(2960,159,'Ambikapur'),(2961,159,'Lakhanpur'),(2962,159,'Udaypur'),(2963,159,'Rajpur'),(2964,159,'Lundra'),(2965,159,'Sitapur'),(2966,159,'Batouli'),(2967,159,'Mainpat'),(2968,140,'Bagicha'),(2969,140,'Kansabel'),(2970,140,'Jashpur'),(2971,140,'Manora'),(2972,140,'Kunkuri'),(2973,140,'Duldula'),(2974,140,'Farsabahar'),(2975,140,'Pathalgaon'),(2976,152,'Udaipur (Dharamjaigarh)'),(2977,152,'Lailunga'),(2978,152,'Gharghoda'),(2979,152,'Tamnar'),(2980,152,'Raigarh'),(2981,152,'Pusour'),(2982,152,'Kharsia'),(2983,152,'Sarangarh'),(2984,152,'Baramkela'),(2985,145,'Katghora'),(2986,145,'Poundi-Uproda'),(2987,145,'Pali'),(2988,145,'Korba'),(2989,145,'Kartala'),(2990,139,'Janjgir'),(2991,139,'Akaltara'),(2992,139,'Baloda'),(2993,139,'Nawagarh'),(2994,139,'Champa'),(2995,139,'Sakti'),(2996,139,'Pamgarh'),(2997,139,'Dabhra'),(2998,139,'Malkharoda'),(2999,139,'Jaijaipur'),(3000,217,'Pendra Road Gorella'),(3001,217,'Marwahi'),(3002,217,'Pendra'),(3003,217,'Lormi'),(3004,217,'Kota'),(3005,217,'Mungeli'),(3006,217,'Pathariya'),(3007,217,'Takhatpur'),(3008,217,'Bilaspur'),(3009,217,'Masturi'),(3010,217,'Bilha'),(3011,141,'Kawardha'),(3012,141,'Bodla'),(3013,141,'Sahaspur Lohara'),(3014,141,'Pandariya'),(3015,154,'Chhuikhadan'),(3016,154,'Khairagarh'),(3017,154,'Dongargarh'),(3018,154,'Rajnandgaon'),(3019,154,'Chhuriya'),(3020,154,'Dongargaon'),(3021,154,'Mohla'),(3022,154,'Manpur'),(3023,154,'Ambagarh'),(3024,136,'Nawagarh'),(3025,136,'Bemetara'),(3026,136,'Saja'),(3027,136,'Thanakhamria'),(3028,136,'Berla'),(3029,136,'Dhamdha'),(3030,136,'Durg'),(3031,136,'Patan'),(3032,136,'Gunderdehi'),(3033,136,'Dondi Luhara'),(3034,136,'Balod'),(3035,136,'Dondi'),(3036,136,'Gurur'),(3037,153,'Simga'),(3038,153,'Bhatapara'),(3039,153,'Baloda Bazar'),(3040,153,'Palari'),(3041,153,'Kasdol'),(3042,153,'Bilaigarh'),(3043,153,'Arang'),(3044,153,'Abhanpur'),(3045,153,'Raipur'),(3046,153,'Rajim'),(3047,153,'Tilda'),(3048,153,'Bindranavagarh(Gariyaband)'),(3049,153,'Chhura'),(3050,153,'Mainpur'),(3051,153,'Deobhog'),(3052,147,'Basna'),(3053,147,'Saraipali'),(3054,147,'Mahasamund'),(3055,147,'Pithora'),(3056,147,'Bagbahra'),(3057,135,'Kurud'),(3058,135,'Magarlod'),(3059,135,'Dhamtari'),(3060,135,'Nagri'),(3061,130,'Keskal'),(3062,130,'Bade Rajpur'),(3063,130,'Kondagaon'),(3064,130,'Makdi'),(3065,130,'Farasgaon'),(3066,130,'Jagdalpur'),(3067,130,'Lohandiguda'),(3068,130,'Bastanar'),(3069,130,'Bastar'),(3070,130,'Bakavand'),(3071,130,'Tokapal'),(3072,130,'Darbha'),(3073,151,'Narayanpur'),(3074,151,'Orchha'),(3075,132,'Bhopalpattnam'),(3076,132,'Usur'),(3077,132,'Bijapur'),(3078,132,'Bhairamgarh'),(3079,345,'Vijaypur'),(3080,345,'Beerpur'),(3081,345,'Sheopur'),(3082,345,'Badoda'),(3083,345,'Karahal'),(3084,329,'Ambah'),(3085,329,'Porsa'),(3086,329,'Morena'),(3087,329,'Joura'),(3088,329,'Kailaras'),(3089,329,'Sabalgarh'),(3090,305,'Ater'),(3091,305,'Bhind'),(3092,305,'Mehgaon'),(3093,305,'Gormi'),(3094,305,'Gohad'),(3095,305,'Ron'),(3096,305,'Mihona'),(3097,305,'Lahar'),(3098,316,'Gwalior (Gird)'),(3099,316,'Dabra (Pichhore)'),(3100,316,'Bhitarwar'),(3101,316,'Chinour'),(3102,311,'Seondha'),(3103,311,'Indergarh'),(3104,311,'Datia'),(3105,311,'Bhander'),(3106,346,'Pohri'),(3107,346,'Shivpuri'),(3108,346,'Narwar'),(3109,346,'Karera'),(3110,346,'Kolaras'),(3111,346,'Badarwas'),(3112,346,'Pichhore'),(3113,346,'Khaniyadhana'),(3114,349,'Niwari'),(3115,349,'Orchha'),(3116,349,'Prithvipur'),(3117,349,'Jatara'),(3118,349,'Mohangarh'),(3119,349,'Palera'),(3120,349,'Baldeogarh'),(3121,349,'Khargapur'),(3122,349,'Tikamgarh'),(3123,308,'Gaurihar'),(3124,308,'Laundi'),(3125,308,'Chandla'),(3126,308,'Nowgong'),(3127,308,'Maharajpur'),(3128,308,'Chhatarpur'),(3129,308,'Rajnagar'),(3130,308,'Bada Malhera'),(3131,308,'Ghuwara'),(3132,308,'Bijawar'),(3133,308,'Buxwaha'),(3134,334,'Ajaigarh'),(3135,334,'Panna'),(3136,334,'Devendranagar'),(3137,334,'Gunnor'),(3138,334,'Amanganj'),(3139,334,'Pawai'),(3140,334,'Shahnagar'),(3141,334,'Raipura'),(3142,339,'Bina'),(3143,339,'Khurai'),(3144,339,'Malthon'),(3145,339,'Banda'),(3146,339,'Shahgarh'),(3147,339,'Rahatgarh'),(3148,339,'Sagar'),(3149,339,'Garhakota'),(3150,339,'Rehli'),(3151,339,'Kesli'),(3152,339,'Deori'),(3153,310,'Hatta'),(3154,310,'Patera'),(3155,310,'Batiyagarh'),(3156,310,'Patharia'),(3157,310,'Damoh'),(3158,310,'Jabera'),(3159,310,'Tendukheda'),(3160,340,'Raghurajnagar'),(3161,340,'Majhgawan'),(3162,340,'Birsinghpur'),(3163,340,'Nagod'),(3164,340,'Unchahara'),(3165,340,'Rampur Baghelan'),(3166,340,'Kotar'),(3167,340,'Amarpatan'),(3168,340,'Ramnagar'),(3169,340,'Maihar'),(3170,338,'Teonthar'),(3171,338,'Jawa'),(3172,338,'Sirmour'),(3173,338,'Mangawan'),(3174,338,'Semaria'),(3175,338,'Hanumana'),(3176,338,'Mauganj'),(3177,338,'Naigarhi'),(3178,338,'Huzur'),(3179,338,'Raipur - Karchuliyan'),(3180,338,'Gurh'),(3181,351,'Bandhogarh'),(3182,351,'Chandia'),(3183,351,'Manpur'),(3184,351,'Pali'),(3185,351,'Nowrozabad'),(3186,331,'Jawad'),(3187,331,'Singoli'),(3188,331,'Neemuch'),(3189,331,'Jiran'),(3190,331,'Manasa'),(3191,327,'Bhanpura'),(3192,327,'Malhargarh'),(3193,327,'Garoth'),(3194,327,'Shamgarh'),(3195,327,'Mandsaur'),(3196,327,'Daloda'),(3197,327,'Sitamau'),(3198,327,'Suwasara'),(3199,337,'Piploda'),(3200,337,'Jaora'),(3201,337,'Alot'),(3202,337,'Tal'),(3203,337,'Sailana'),(3204,337,'Bajna'),(3205,337,'Rawti'),(3206,337,'Ratlam'),(3207,350,'Khacharod'),(3208,350,'Nagda'),(3209,350,'Mahidpur'),(3210,350,'Ghatiya'),(3211,350,'Tarana'),(3212,350,'Ujjain'),(3213,350,'Badnagar'),(3214,344,'Susner'),(3215,344,'Nalkheda'),(3216,344,'Badod'),(3217,344,'Agar'),(3218,344,'Shajapur'),(3219,344,'Gulana'),(3220,344,'Moman Badodiya'),(3221,344,'Shujalpur'),(3222,344,'Kalapipal'),(3223,312,'Tonk Khurd'),(3224,312,'Sonkatch'),(3225,312,'Dewas'),(3226,312,'Kannod'),(3227,312,'Satwas'),(3228,312,'Bagli'),(3229,312,'Hatpiplya'),(3230,312,'Khategaon'),(3231,313,'Badnawar'),(3232,313,'Sardarpur'),(3233,313,'Dhar'),(3234,313,'Gandhwani'),(3235,313,'Kukshi'),(3236,313,'Dahi'),(3237,313,'Manawar'),(3238,313,'Dharampuri'),(3239,319,'Depalpur'),(3240,319,'Hatod'),(3241,319,'Sawer'),(3242,319,'Indore'),(3243,319,'Mhow'),(3244,303,'Barwani'),(3245,303,'Pati'),(3246,303,'Thikri'),(3247,303,'Anjad'),(3248,303,'Rajpur'),(3249,303,'Pansemal'),(3250,303,'Niwali'),(3251,303,'Sendhwa'),(3252,303,'Varla'),(3253,336,'Jirapur'),(3254,336,'Khilchipur'),(3255,336,'Rajgarh'),(3256,336,'Biaora'),(3257,336,'Sarangpur'),(3258,336,'Narsinghgarh'),(3259,336,'Pachore'),(3260,352,'Lateri'),(3261,352,'Sironj'),(3262,352,'Kurwai'),(3263,352,'Basoda'),(3264,352,'Tyonda'),(3265,352,'Nateran'),(3266,352,'Shamshabad'),(3267,352,'Gyaraspur'),(3268,352,'Gulabganj'),(3269,352,'Vidisha'),(3270,306,'Berasia'),(3271,306,'Huzur'),(3272,341,'Sehore'),(3273,341,'Shyampur'),(3274,341,'Ashta'),(3275,341,'Jawar'),(3276,341,'Ichhawar'),(3277,341,'Nasrullaganj'),(3278,341,'Budni'),(3279,341,'Rehti'),(3280,335,'Raisen'),(3281,335,'Gairatganj'),(3282,335,'Begamganj'),(3283,335,'Goharganj'),(3284,335,'Baraily'),(3285,335,'Badi'),(3286,335,'Silwani'),(3287,335,'Udaipura'),(3288,304,'Bhainsdehi'),(3289,304,'Athner'),(3290,304,'Betul'),(3291,304,'Chicholi'),(3292,304,'Ghoda Dongri'),(3293,304,'Shahpur'),(3294,304,'Multai'),(3295,304,'Amla'),(3296,317,'Khirkiya'),(3297,317,'Sirali'),(3298,317,'Harda'),(3299,317,'Handiya'),(3300,317,'Timarni'),(3301,317,'Rehatgaon'),(3302,318,'Seoni-Malwa'),(3303,318,'Itarsi'),(3304,318,'Hoshangabad'),(3305,318,'Dolariya'),(3306,318,'Babai'),(3307,318,'Sohagpur'),(3308,318,'Pipariya'),(3309,318,'Bankhedi'),(3310,322,'Murwara'),(3311,322,'Rithi'),(3312,322,'Barhi'),(3313,322,'Badwara'),(3314,322,'Vijayraghavgarh'),(3315,322,'Bahoriband'),(3316,322,'Dhimarkheda'),(3317,320,'Sihora'),(3318,320,'Majholi'),(3319,320,'Patan'),(3320,320,'Shahpura'),(3321,320,'Jabalpur'),(3322,320,'Panagar'),(3323,320,'Kundam'),(3324,330,'Gotegaon'),(3325,330,'Gadarwara'),(3326,330,'Narsimhapur'),(3327,330,'Kareli'),(3328,330,'Tendukheda'),(3329,314,'Shahpura'),(3330,314,'Dindori'),(3331,326,'Niwas'),(3332,326,'Narayanganj'),(3333,326,'Mandla'),(3334,326,'Ghughari'),(3335,326,'Bichhiya'),(3336,326,'Nainpur'),(3337,309,'Tamia'),(3338,309,'Amarwara'),(3339,309,'Harrai'),(3340,309,'Chaurai'),(3341,309,'Jamai'),(3342,309,'Parasia'),(3343,309,'Umreth'),(3344,309,'Chhindwara'),(3345,309,'Mohkhed'),(3346,309,'Sausar'),(3347,309,'Bichhua'),(3348,309,'Pandhurna'),(3349,342,'Lakhnadon'),(3350,342,'Chhapara'),(3351,342,'Ghansaur'),(3352,342,'Dhanora'),(3353,342,'Keolari'),(3354,342,'Seoni'),(3355,342,'Barghat'),(3356,342,'Kurai'),(3357,302,'Katangi'),(3358,302,'Tirodi'),(3359,302,'Waraseoni'),(3360,302,'Khairlanji'),(3361,302,'Lalbarra'),(3362,302,'Balaghat'),(3363,302,'Kirnapur'),(3364,302,'Baihar'),(3365,302,'Paraswada'),(3366,302,'Lanji'),(3367,315,'Guna'),(3368,315,'Bamori'),(3369,315,'Raghogarh'),(3370,315,'Maksoodangarh'),(3371,315,'Kumbhraj'),(3372,315,'Aron'),(3373,315,'Chachaura'),(3374,301,'Isagarh'),(3375,301,'Chanderi'),(3376,301,'Ashoknagar'),(3377,301,'Shadhora'),(3378,301,'Mungaoli'),(3379,343,'Beohari'),(3380,343,'Jaisinghnagar'),(3381,343,'Sohagpur'),(3382,343,'Jaitpur'),(3383,300,'Kotma'),(3384,300,'Anuppur'),(3385,300,'Jaithari'),(3386,300,'Pushparajgarh'),(3387,347,'Rampur Naikin'),(3388,347,'Churhat'),(3389,347,'Gopadbanas'),(3390,347,'Sihawal'),(3391,347,'Majhauli'),(3392,347,'Kusmi'),(3393,348,'Chitrangi'),(3394,348,'Deosar'),(3395,348,'Singrauli'),(3396,321,'Thandla'),(3397,321,'Petlawad'),(3398,321,'Meghnagar'),(3399,321,'Jhabua'),(3400,321,'Ranapur'),(3401,299,'Bhavra'),(3402,299,'Jobat'),(3403,299,'Alirajpur'),(3404,307,'Burhanpur'),(3405,307,'Khaknar'),(3406,307,'Nepanagar'),(3407,166,'Vav'),(3408,166,'Tharad'),(3409,166,'Dhanera'),(3410,166,'Dantiwada'),(3411,166,'Amirgadh'),(3412,166,'Danta'),(3413,166,'Vadgam'),(3414,166,'Palanpur'),(3415,166,'Deesa'),(3416,166,'Deodar'),(3417,166,'Bhabhar'),(3418,166,'Kankrej'),(3419,186,'Santalpur'),(3420,186,'Radhanpur'),(3421,186,'Sidhpur'),(3422,186,'Patan'),(3423,186,'Harij'),(3424,186,'Sami'),(3425,186,'Chanasma'),(3426,181,'Satlasana'),(3427,181,'Kheralu'),(3428,181,'Unjha'),(3429,181,'Visnagar'),(3430,181,'Vadnagar'),(3431,181,'Vijapur'),(3432,181,'Mahesana'),(3433,181,'Becharaji'),(3434,181,'Kadi'),(3435,189,'Khedbrahma'),(3436,189,'Vijaynagar'),(3437,189,'Vadali'),(3438,189,'Idar'),(3439,189,'Bhiloda'),(3440,189,'Meghraj'),(3441,189,'Himatnagar'),(3442,189,'Prantij'),(3443,189,'Talod'),(3444,189,'Modasa'),(3445,189,'Dhansura'),(3446,189,'Malpur'),(3447,189,'Bayad'),(3448,174,'Kalol'),(3449,174,'Mansa'),(3450,174,'Gandhinagar'),(3451,174,'Dehgam'),(3452,162,'Mandal'),(3453,162,'Detroj-Rampura'),(3454,162,'Viramgam'),(3455,162,'Sanand'),(3456,162,'Ahmadabad City'),(3457,162,'Daskroi'),(3458,162,'Dholka'),(3459,162,'Bavla'),(3460,162,'Ranpur'),(3461,162,'Barwala'),(3462,162,'Dhandhuka'),(3463,191,'Halvad'),(3464,191,'Dhrangadhra'),(3465,191,'Dasada'),(3466,191,'Lakhtar'),(3467,191,'Wadhwan'),(3468,191,'Muli'),(3469,191,'Chotila'),(3470,191,'Sayla'),(3471,191,'Chuda'),(3472,191,'Limbdi'),(3473,188,'Maliya'),(3474,188,'Morvi'),(3475,188,'Tankara'),(3476,188,'Wankaner'),(3477,188,'Paddhari'),(3478,188,'Rajkot'),(3479,188,'Lodhika'),(3480,188,'Kotda Sangani'),(3481,188,'Jasdan'),(3482,188,'Gondal'),(3483,188,'Jamkandorna'),(3484,188,'Upleta'),(3485,188,'Dhoraji'),(3486,188,'Jetpur'),(3487,176,'Okhamandal'),(3488,176,'Khambhalia'),(3489,176,'Jamnagar'),(3490,176,'Jodiya'),(3491,176,'Dhrol'),(3492,176,'Kalavad'),(3493,176,'Lalpur'),(3494,176,'Kalyanpur'),(3495,176,'Bhanvad'),(3496,176,'Jamjodhpur'),(3497,187,'Porbandar'),(3498,187,'Ranavav'),(3499,187,'Kutiyana'),(3500,177,'Manavadar'),(3501,177,'Vanthali'),(3502,177,'Junagadh'),(3503,177,'Bhesan'),(3504,177,'Visavadar'),(3505,177,'Mendarda'),(3506,177,'Keshod'),(3507,177,'Mangrol'),(3508,177,'Malia'),(3509,177,'Talala'),(3510,177,'Patan-Veraval'),(3511,177,'Sutrapada'),(3512,177,'Kodinar'),(3513,177,'Una'),(3514,163,'Kunkavav Vadia'),(3515,163,'Babra'),(3516,163,'Lathi'),(3517,163,'Lilia'),(3518,163,'Amreli'),(3519,163,'Bagasara'),(3520,163,'Dhari'),(3521,163,'Savar Kundla'),(3522,163,'Khambha'),(3523,163,'Jafrabad'),(3524,163,'Rajula'),(3525,168,'Botad'),(3526,168,'Vallabhipur'),(3527,168,'Gadhada'),(3528,168,'Umrala'),(3529,168,'Bhavnagar'),(3530,168,'Ghogha'),(3531,168,'Sihor'),(3532,168,'Gariadhar'),(3533,168,'Palitana'),(3534,168,'Talaja'),(3535,168,'Mahuva'),(3536,164,'Tarapur'),(3537,164,'Sojitra'),(3538,164,'Umreth'),(3539,164,'Anand'),(3540,164,'Petlad'),(3541,164,'Khambhat'),(3542,164,'Borsad'),(3543,164,'Anklav'),(3544,178,'Kapadvanj'),(3545,178,'Virpur'),(3546,178,'Balasinor'),(3547,178,'Kathlal'),(3548,178,'Mehmedabad'),(3549,178,'Kheda'),(3550,178,'Matar'),(3551,178,'Nadiad'),(3552,178,'Mahudha'),(3553,178,'Thasra'),(3554,185,'Khanpur'),(3555,185,'Kadana'),(3556,185,'Santrampur'),(3557,185,'Lunawada'),(3558,185,'Shehera'),(3559,185,'Morwa (Hadaf)'),(3560,185,'Godhra'),(3561,185,'Kalol'),(3562,185,'Ghoghamba'),(3563,185,'Halol'),(3564,185,'Jambughoda'),(3565,193,'Savli'),(3566,193,'Vadodara'),(3567,193,'Vaghodia'),(3568,193,'Jetpur Pavi'),(3569,193,'Chhota Udaipur'),(3570,193,'Kavant'),(3571,193,'Nasvadi'),(3572,193,'Sankheda'),(3573,193,'Dabhoi'),(3574,193,'Padra'),(3575,193,'Karjan'),(3576,193,'Sinor'),(3577,183,'Tilakwada'),(3578,183,'Nandod'),(3579,183,'Dediapada'),(3580,183,'Sagbara'),(3581,167,'Jambusar'),(3582,167,'Amod'),(3583,167,'Vagra'),(3584,167,'Bharuch'),(3585,167,'Jhagadia'),(3586,167,'Anklesvar'),(3587,167,'Hansot'),(3588,167,'Valia'),(3589,184,'Navsari'),(3590,184,'Jalalpore'),(3591,184,'Gandevi'),(3592,184,'Chikhli'),(3593,184,'Bansda'),(3594,194,'Valsad'),(3595,194,'Dharampur'),(3596,194,'Pardi'),(3597,194,'Kaprada'),(3598,194,'Umbergaon'),(3599,190,'Olpad'),(3600,190,'Mangrol'),(3601,190,'Umarpada'),(3602,190,'Mandvi'),(3603,190,'Kamrej'),(3604,190,'Surat City'),(3605,190,'Chorasi'),(3606,190,'Palsana'),(3607,190,'Bardoli'),(3608,190,'Mahuva'),(3609,192,'Nizar'),(3610,192,'Uchchhal'),(3611,192,'Songadh'),(3612,192,'Vyara'),(3613,192,'Valod'),(3614,373,'Akkalkuwa'),(3615,373,'Akrani'),(3616,373,'Talode'),(3617,373,'Shahade'),(3618,373,'Nandurbar'),(3619,373,'Nawapur'),(3620,361,'Shirpur'),(3621,361,'Sindkhede'),(3622,361,'Sakri'),(3623,361,'Dhule'),(3624,365,'Chopda'),(3625,365,'Yawal'),(3626,365,'Raver'),(3627,365,'Muktainagar (Edlabad)'),(3628,365,'Bodvad'),(3629,365,'Bhusawal'),(3630,365,'Jalgaon'),(3631,365,'Erandol'),(3632,365,'Dharangaon'),(3633,365,'Amalner'),(3634,365,'Parola'),(3635,365,'Bhadgaon'),(3636,365,'Chalisgaon'),(3637,365,'Pachora'),(3638,365,'Jamner'),(3639,359,'Jalgaon (Jamod)'),(3640,359,'Sangrampur'),(3641,359,'Shegaon'),(3642,359,'Nandura'),(3643,359,'Malkapur'),(3644,359,'Motala'),(3645,359,'Khamgaon'),(3646,359,'Mehkar'),(3647,359,'Chikhli'),(3648,359,'Buldana'),(3649,359,'Deolgaon Raja'),(3650,359,'Sindkhed Raja'),(3651,359,'Lonar'),(3652,354,'Telhara'),(3653,354,'Akot'),(3654,354,'Balapur'),(3655,354,'Akola'),(3656,354,'Murtijapur'),(3657,354,'Patur'),(3658,354,'Barshitakli'),(3659,387,'Malegaon'),(3660,387,'Mangrulpir'),(3661,387,'Karanja'),(3662,387,'Manora'),(3663,387,'Washim'),(3664,387,'Risod'),(3665,355,'Dharni'),(3666,355,'Chikhaldara'),(3667,355,'Anjangaon Surji'),(3668,355,'Achalpur'),(3669,355,'Chandurbazar'),(3670,355,'Morshi'),(3671,355,'Warud'),(3672,355,'Teosa'),(3673,355,'Amravati'),(3674,355,'Bhatkuli'),(3675,355,'Daryapur'),(3676,355,'Nandgaon-Khandeshwar'),(3677,355,'Chandur Railway'),(3678,355,'Dhamangaon Railway'),(3679,386,'Ashti'),(3680,386,'Karanja'),(3681,386,'Arvi'),(3682,386,'Seloo'),(3683,386,'Wardha'),(3684,386,'Deoli'),(3685,386,'Hinganghat'),(3686,386,'Samudrapur'),(3687,371,'Narkhed'),(3688,371,'Katol'),(3689,371,'Kalameshwar'),(3690,371,'Savner'),(3691,371,'Parseoni'),(3692,371,'Ramtek'),(3693,371,'Mauda'),(3694,371,'Kamptee'),(3695,371,'Nagpur (Rural)'),(3696,371,'Nagpur (Urban)'),(3697,371,'Hingna'),(3698,371,'Umred'),(3699,371,'Kuhi'),(3700,371,'Bhiwapur'),(3701,358,'Tumsar'),(3702,358,'Mohadi'),(3703,358,'Bhandara'),(3704,358,'Sakoli'),(3705,358,'Lakhani'),(3706,358,'Pauni'),(3707,358,'Lakhandur'),(3708,363,'Tirora'),(3709,363,'Goregaon'),(3710,363,'Gondiya'),(3711,363,'Amgaon'),(3712,363,'Salekasa'),(3713,363,'Sadak-Arjuni'),(3714,363,'Arjuni Morgaon'),(3715,363,'Deori'),(3716,362,'Desaiganj (Vadasa)'),(3717,362,'Armori'),(3718,362,'Kurkheda'),(3719,362,'Korchi'),(3720,362,'Dhanora'),(3721,362,'Gadchiroli'),(3722,362,'Chamorshi'),(3723,362,'Mulchera'),(3724,362,'Etapalli'),(3725,362,'Bhamragad'),(3726,362,'Aheri'),(3727,362,'Sironcha'),(3728,360,'Warora'),(3729,360,'Chimur'),(3730,360,'Nagbhir'),(3731,360,'Brahmapuri'),(3732,360,'Sawali'),(3733,360,'Sindewahi'),(3734,360,'Bhadravati'),(3735,360,'Chandrapur'),(3736,360,'Mul'),(3737,360,'Pombhurna'),(3738,360,'Ballarpur'),(3739,360,'Korpana'),(3740,360,'Jiwati'),(3741,360,'Rajura'),(3742,360,'Gondpipri'),(3743,388,'Ner'),(3744,388,'Babulgaon'),(3745,388,'Kalamb'),(3746,388,'Yavatmal'),(3747,388,'Darwha'),(3748,388,'Digras'),(3749,388,'Pusad'),(3750,388,'Umarkhed'),(3751,388,'Mahagaon'),(3752,388,'Arni'),(3753,388,'Ghatanji'),(3754,388,'Kelapur'),(3755,388,'Ralegaon'),(3756,388,'Maregaon'),(3757,388,'Zari-Jamani'),(3758,388,'Wani'),(3759,372,'Mahoor'),(3760,372,'Kinwat'),(3761,372,'Himayatnagar'),(3762,372,'Hadgaon'),(3763,372,'Ardhapur'),(3764,372,'Nanded'),(3765,372,'Mudkhed'),(3766,372,'Bhokar'),(3767,372,'Umri'),(3768,372,'Dharmabad'),(3769,372,'Biloli'),(3770,372,'Naigaon (Khairgaon)'),(3771,372,'Loha'),(3772,372,'Kandhar'),(3773,372,'Mukhed'),(3774,372,'Deglur'),(3775,364,'Sengaon'),(3776,364,'Hingoli'),(3777,364,'Aundha (Nagnath)'),(3778,364,'Kalamnuri'),(3779,364,'Basmath'),(3780,377,'Sailu'),(3781,377,'Jintur'),(3782,377,'Parbhani'),(3783,377,'Manwath'),(3784,377,'Pathri'),(3785,377,'Sonpeth'),(3786,377,'Gangakhed'),(3787,377,'Palam'),(3788,377,'Purna'),(3789,366,'Bhokardan'),(3790,366,'Jafferabad'),(3791,366,'Jalna'),(3792,366,'Badnapur'),(3793,366,'Ambad'),(3794,366,'Ghansawangi'),(3795,366,'Partur'),(3796,366,'Mantha'),(3797,356,'Kannad'),(3798,356,'Soegaon'),(3799,356,'Sillod'),(3800,356,'Phulambri'),(3801,356,'Khuldabad'),(3802,356,'Vaijapur'),(3803,356,'Gangapur'),(3804,356,'Paithan'),(3805,374,'Surgana'),(3806,374,'Kalwan'),(3807,374,'Deola'),(3808,374,'Baglan'),(3809,374,'Malegaon'),(3810,374,'Nandgaon'),(3811,374,'Chandvad'),(3812,374,'Dindori'),(3813,374,'Peint'),(3814,374,'Trimbakeshwar'),(3815,374,'Nashik'),(3816,374,'Igatpuri'),(3817,374,'Sinnar'),(3818,374,'Niphad'),(3819,374,'Yevla'),(3820,385,'Talasari'),(3821,385,'Dahanu'),(3822,385,'Vikramgad'),(3823,385,'Jawhar'),(3824,385,'Mokhada'),(3825,385,'Vada'),(3826,385,'Palghar'),(3827,385,'Vasai'),(3828,385,'Thane'),(3829,385,'Bhiwandi'),(3830,385,'Shahapur'),(3831,385,'Kalyan'),(3832,385,'Ulhasnagar'),(3833,385,'Ambarnath'),(3834,385,'Murbad'),(3835,152,'Uran'),(3836,152,'Panvel'),(3837,152,'Karjat'),(3838,152,'Khalapur'),(3839,152,'Pen'),(3840,152,'Alibag'),(3841,152,'Murud'),(3842,152,'Roha'),(3843,152,'Sudhagad'),(3844,152,'Mangaon'),(3845,152,'Tala'),(3846,152,'Shrivardhan'),(3847,152,'Mhasla'),(3848,152,'Mahad'),(3849,152,'Poladpur'),(3850,378,'Junnar'),(3851,378,'Ambegaon'),(3852,378,'Shirur'),(3853,378,'Khed'),(3854,378,'Mawal'),(3855,378,'Mulshi'),(3856,378,'Haveli'),(3857,378,'Pune City'),(3858,378,'Daund'),(3859,378,'Purandhar'),(3860,378,'Velhe'),(3861,378,'Bhor'),(3862,378,'Baramati'),(3863,378,'Indapur'),(3864,353,'Akola'),(3865,353,'Sangamner'),(3866,353,'Kopargaon'),(3867,353,'Rahta'),(3868,353,'Shrirampur'),(3869,353,'Nevasa'),(3870,353,'Shevgaon'),(3871,353,'Pathardi'),(3872,353,'Nagar'),(3873,353,'Rahuri'),(3874,353,'Parner'),(3875,353,'Shrigonda'),(3876,353,'Karjat'),(3877,353,'Jamkhed'),(3878,368,'Latur'),(3879,368,'Renapur'),(3880,368,'Ahmadpur'),(3881,368,'Jalkot'),(3882,368,'Chakur'),(3883,368,'Shirur-Anantpal'),(3884,368,'Ausa'),(3885,368,'Nilanga'),(3886,368,'Deoni'),(3887,368,'Udgir'),(3888,375,'Paranda'),(3889,375,'Bhum'),(3890,375,'Washi'),(3891,375,'Kalamb'),(3892,375,'Osmanabad'),(3893,375,'Tuljapur'),(3894,375,'Lohara'),(3895,375,'Umarga'),(3896,384,'Karmala'),(3897,384,'Madha'),(3898,384,'Barshi'),(3899,384,'Solapur North'),(3900,384,'Mohol'),(3901,384,'Pandharpur'),(3902,384,'Malshiras'),(3903,384,'Sangole'),(3904,384,'Mangalvedhe'),(3905,384,'Solapur South'),(3906,384,'Akkalkot'),(3907,382,'Mahabaleshwar'),(3908,382,'Wai'),(3909,382,'Khandala'),(3910,382,'Phaltan'),(3911,382,'Man'),(3912,382,'Khatav'),(3913,382,'Koregaon'),(3914,382,'Satara'),(3915,382,'Jaoli'),(3916,382,'Patan'),(3917,382,'Karad'),(3918,380,'Mandangad'),(3919,380,'Dapoli'),(3920,380,'Khed'),(3921,380,'Chiplun'),(3922,380,'Guhagar'),(3923,380,'Ratnagiri'),(3924,380,'Sangameshwar'),(3925,380,'Lanja'),(3926,380,'Rajapur'),(3927,383,'Devgad'),(3928,383,'Vaibhavvadi'),(3929,383,'Kankavli'),(3930,383,'Malwan'),(3931,383,'Vengurla'),(3932,383,'Kudal'),(3933,383,'Sawantwadi'),(3934,383,'Dodamarg'),(3935,367,'Shahuwadi'),(3936,367,'Panhala'),(3937,367,'Hatkanangle'),(3938,367,'Shirol'),(3939,367,'Karvir'),(3940,367,'Bavda'),(3941,367,'Radhanagari'),(3942,367,'Kagal'),(3943,367,'Bhudargad'),(3944,367,'Ajra'),(3945,367,'Gadhinglaj'),(3946,367,'Chandgad'),(3947,381,'Shirala'),(3948,381,'Walwa'),(3949,381,'Palus'),(3950,381,'Kadegaon'),(3951,381,'Khanapur'),(3952,381,'Atpadi'),(3953,381,'Tasgaon'),(3954,381,'Miraj'),(3955,381,'Kavathemahankal'),(3956,381,'Jat'),(3957,591,'Tamsi'),(3958,591,'Adilabad'),(3959,591,'Jainad'),(3960,591,'Bela'),(3961,591,'Talamadugu'),(3962,591,'Gudihathnoor'),(3963,591,'Inderavelly'),(3964,591,'Narnoor'),(3965,591,'Kerameri'),(3966,591,'Wankdi'),(3967,591,'Sirpur (T)'),(3968,591,'Kouthala'),(3969,591,'Bejjur'),(3970,591,'Kagaznagar'),(3971,591,'Asifabad'),(3972,591,'Jainoor'),(3973,591,'Utnoor'),(3974,591,'Ichoda'),(3975,591,'Bazarhathnoor'),(3976,591,'Boath'),(3977,591,'Neradigonda'),(3978,591,'Sirpur'),(3979,591,'Rebbana'),(3980,591,'Bhimini'),(3981,591,'Dahegaon'),(3982,591,'Vemanpalle'),(3983,591,'Nennal'),(3984,591,'Tandur'),(3985,591,'Tiryani'),(3986,591,'Jannaram'),(3987,591,'Kaddam (Peddur)'),(3988,591,'Sarangapur'),(3989,591,'Kuntala'),(3990,591,'Kubeer'),(3991,591,'Bhainsa'),(3992,591,'Tanoor'),(3993,591,'Mudhole'),(3994,591,'Lokeswaram'),(3995,591,'Dilawarpur'),(3996,591,'Nirmal'),(3997,591,'Laxmanchanda'),(3998,591,'Mamda'),(3999,591,'Khanapur'),(4000,591,'Dandepalle'),(4001,591,'Kasipet'),(4002,591,'Bellampalle'),(4003,591,'Kotapalle'),(4004,591,'Mandamarri'),(4005,591,'Luxettipet'),(4006,591,'Mancherial'),(4007,591,'Jaipur'),(4008,591,'Chennur'),(4009,613,'Ranjal'),(4010,613,'Navipet'),(4011,613,'Nandipet'),(4012,613,'Armur'),(4013,613,'Balkonda'),(4014,613,'Mortad'),(4015,613,'Kammarpalle'),(4016,613,'Bheemgal'),(4017,613,'Velpur'),(4018,613,'Jakranpalle'),(4019,613,'Makloor'),(4020,613,'Nizamabad'),(4021,613,'Yedpalle'),(4022,613,'Bodhan'),(4023,613,'Kotgiri'),(4024,613,'Madnoor'),(4025,613,'Jukkal'),(4026,613,'Bichkunda'),(4027,613,'Birkoor'),(4028,613,'Varni'),(4029,613,'Dichpalle'),(4030,613,'Dharpalle'),(4031,613,'Sirkonda'),(4032,613,'Machareddy'),(4033,613,'Sadasivanagar'),(4034,613,'Gandhari'),(4035,613,'Banswada'),(4036,613,'Pitlam'),(4037,613,'Nizamsagar'),(4038,613,'Yellareddy'),(4039,613,'Nagareddipet'),(4040,613,'Lingampet'),(4041,613,'Tadwai'),(4042,613,'Kamareddy'),(4043,613,'Bhiknoor'),(4044,613,'Domakonda'),(4045,600,'Ibrahimpatnam'),(4046,600,'Mallapur'),(4047,600,'Raikal'),(4048,600,'Sarangapur'),(4049,600,'Dharmapuri'),(4050,600,'Velgatoor'),(4051,600,'Ramagundam'),(4052,600,'Kamanpur'),(4053,600,'Manthani'),(4054,600,'Kataram'),(4055,600,'Mahadevpur'),(4056,600,'Mutharam (Mahadevpur)'),(4057,600,'Malharrao'),(4058,600,'Mutharam (Manthani)'),(4059,600,'Srirampur'),(4060,600,'Peddapalle'),(4061,600,'Julapalle'),(4062,600,'Elgaid'),(4063,600,'Dharmaram'),(4064,600,'Gollapalle'),(4065,600,'Mallial'),(4066,600,'Jagtial'),(4067,600,'Medipalle'),(4068,600,'Koratla'),(4069,600,'Metpalle'),(4070,600,'Kathlapur'),(4071,600,'Chandurthi'),(4072,600,'Kodimial'),(4073,600,'Pegadapalle'),(4074,600,'Gangadhara'),(4075,600,'Ramadugu'),(4076,600,'Choppadandi'),(4077,600,'Sultanabad'),(4078,600,'Odela'),(4079,600,'Manakondur'),(4080,600,'Karimnagar'),(4081,600,'Boinpalle'),(4082,600,'Vemulawada'),(4083,600,'Konaraopeta'),(4084,600,'Yellareddipet'),(4085,600,'Gambhiraopet'),(4086,600,'Mustabad'),(4087,600,'Sircilla'),(4088,600,'Ellanthakunta'),(4089,600,'Bejjanki'),(4090,600,'Timmapur (LMD Colony)'),(4091,600,'Veenavanka'),(4092,600,'Jammikunta'),(4093,600,'Shankarapatnam'),(4094,600,'Chigurumamidi'),(4095,600,'Koheda'),(4096,600,'Husnabad'),(4097,600,'Saidapur'),(4098,600,'Huzurabad'),(4099,600,'Kamalapur'),(4100,600,'Bheemadevarpalle'),(4101,600,'Elkathurthi'),(4102,606,'Kangti'),(4103,606,'Manoor'),(4104,606,'Narayankhed'),(4105,606,'Kalher'),(4106,606,'Shankarampet (A)'),(4107,606,'Papannapet'),(4108,606,'Medak'),(4109,606,'Ramayampet'),(4110,606,'Dubbak'),(4111,606,'Siddipet'),(4112,606,'Chinnakodur'),(4113,606,'Nangnoor'),(4114,606,'Kondapak'),(4115,606,'Thoguta'),(4116,606,'Mirdoddi'),(4117,606,'Doultabad'),(4118,606,'Chegunta'),(4119,606,'Shankarampet (R)'),(4120,606,'Kulcharam'),(4121,606,'Tekmal'),(4122,606,'Alladurg'),(4123,606,'Regode'),(4124,606,'Raikode'),(4125,606,'Nyalkal'),(4126,606,'Zahirabad'),(4127,606,'Kohir'),(4128,606,'Jharasangam'),(4129,606,'Munpalle'),(4130,606,'Pulkal'),(4131,606,'Andole'),(4132,606,'Kowdipalle'),(4133,606,'Yeldurthy'),(4134,606,'Tupran'),(4135,606,'Gajwel'),(4136,606,'Jagdevpur'),(4137,606,'Wargal'),(4138,606,'Mulug'),(4139,606,'Shivampet'),(4140,606,'Narsapur'),(4141,606,'Hathnoora'),(4142,606,'Sadasivpet'),(4143,606,'Kondapur'),(4144,606,'Sangareddy'),(4145,606,'Jinnaram'),(4146,606,'Patancheru'),(4147,606,'Ramachandrapuram'),(4148,594,'Shaikpet'),(4149,594,'Ameerpet'),(4150,594,'Secunderabad'),(4151,594,'Tirumalagiri'),(4152,594,'Maredpalle'),(4153,594,'Musheerabad'),(4154,594,'Amberpet'),(4155,594,'Himayathnagar'),(4156,594,'Nampally'),(4157,594,'Khairatabad'),(4158,594,'Asifnagar'),(4159,594,'Golconda'),(4160,594,'Bahadurpura'),(4161,594,'Bandlaguda'),(4162,594,'Charminar'),(4163,594,'Saidabad'),(4164,616,'Marpalle'),(4165,616,'Mominpet'),(4166,616,'Nawabpet'),(4167,616,'Shankarpalle'),(4168,616,'Serilingampally'),(4169,616,'Balanagar'),(4170,616,'Qutubullapur'),(4171,616,'Medchal'),(4172,616,'Shamirpet'),(4173,616,'Malkajgiri'),(4174,616,'Keesara'),(4175,616,'Ghatkesar'),(4176,616,'Uppal'),(4177,616,'Hayathnagar'),(4178,616,'Saroornagar'),(4179,616,'Rajendranagar'),(4180,616,'Moinabad'),(4181,616,'Chevella'),(4182,616,'Vicarabad'),(4183,616,'Dharur'),(4184,616,'Bantwaram'),(4185,616,'Peddemul'),(4186,616,'Tandur'),(4187,616,'Basheerabad'),(4188,616,'Yelal'),(4189,616,'Doma'),(4190,616,'Gandeed'),(4191,616,'Kulkacharla'),(4192,616,'Pargi'),(4193,616,'Pudur'),(4194,616,'Shabad'),(4195,616,'Shamshabad'),(4196,616,'Maheswaram'),(4197,616,'Kandukur'),(4198,616,'Ibrahimpatnam'),(4199,616,'Manchal'),(4200,616,'Yacharam'),(4201,604,'Kodangal'),(4202,604,'Bomraspet'),(4203,604,'Kosgi'),(4204,604,'Doulathabad'),(4205,604,'Damaragidda'),(4206,604,'Maddur'),(4207,604,'Hanwada'),(4208,604,'Nawabpet'),(4209,604,'Balanagar'),(4210,604,'Kondurg'),(4211,604,'Farooqnagar'),(4212,604,'Kothur'),(4213,604,'Keshampet'),(4214,604,'Talakondapalle'),(4215,604,'Amangal'),(4216,604,'Madgul'),(4217,604,'Veldanda'),(4218,604,'Midjil'),(4219,604,'Jadcherla'),(4220,604,'Mahbubnagar'),(4221,604,'Koilkonda'),(4222,604,'Narayanpet'),(4223,604,'Utkoor'),(4224,604,'Dhanwada'),(4225,604,'Devarkadra'),(4226,604,'Bhoothpur'),(4227,604,'Thimmajipet'),(4228,604,'Kalwakurthy'),(4229,604,'Vangoor'),(4230,604,'Amrabad'),(4231,604,'Achampet'),(4232,604,'Uppununthala'),(4233,604,'Telkapalle'),(4234,604,'Tadoor'),(4235,604,'Nagarkurnool'),(4236,604,'Bijinapalle'),(4237,604,'Ghanpur'),(4238,604,'Addakal'),(4239,604,'Chinnachintakunta'),(4240,604,'Narva'),(4241,604,'Makthal'),(4242,604,'Maganoor'),(4243,604,'Dharur'),(4244,604,'Atmakur'),(4245,604,'Kothakota'),(4246,604,'Peddamandadi'),(4247,604,'Wanaparthy'),(4248,604,'Gopalpeta'),(4249,604,'Balmoor'),(4250,604,'Lingal'),(4251,604,'Peddakothapalle'),(4252,604,'Kodair'),(4253,604,'Pangal'),(4254,604,'Pebbair'),(4255,604,'Gadwal'),(4256,604,'Maldakal'),(4257,604,'Ghattu'),(4258,604,'Ieej'),(4259,604,'Itikyal'),(4260,604,'Veepangandla'),(4261,604,'Kollapur'),(4262,604,'Waddepalle'),(4263,604,'Manopad'),(4264,604,'Alampur'),(4265,610,'Bommalaramaram'),(4266,610,'M.Turkapalle'),(4267,610,'Rajapet'),(4268,610,'Yadagirigutta'),(4269,610,'Alair'),(4270,610,'Gundala'),(4271,610,'Thirumalgiri'),(4272,610,'Thungathurthi'),(4273,610,'Nuthankal'),(4274,610,'Atmakur (S)'),(4275,610,'Jaji Reddi Gudem'),(4276,610,'Sali Gouraram'),(4277,610,'Mothkur'),(4278,610,'Atmakur (M)'),(4279,610,'Valigonda'),(4280,610,'Bhongir'),(4281,610,'Bibinagar'),(4282,610,'Pochampalle'),(4283,610,'Choutuppal'),(4284,610,'Ramannapeta'),(4285,610,'Chityala'),(4286,610,'Narketpalle'),(4287,610,'Kattangoor'),(4288,610,'Nakrekal'),(4289,610,'Kethe Palle'),(4290,610,'Suryapet'),(4291,610,'Chivvemla'),(4292,610,'Mothey'),(4293,610,'Nadigudem'),(4294,610,'Munagala'),(4295,610,'Penpahad'),(4296,610,'Vemulapalle'),(4297,610,'Thipparthi'),(4298,610,'Nalgonda'),(4299,610,'Munugode'),(4300,610,'Narayanapur'),(4301,610,'Marriguda'),(4302,610,'Chintha Palle'),(4303,610,'Gundla Palle'),(4304,610,'Chandam Pet'),(4305,610,'Devarakonda'),(4306,610,'Nampalle'),(4307,610,'Chandur'),(4308,610,'Kangal'),(4309,610,'Gurrampode'),(4310,610,'Pedda Adiserla Palle'),(4311,610,'Peddavoora'),(4312,610,'Anumula'),(4313,610,'Nidamanur'),(4314,610,'Thripuraram'),(4315,610,'Dameracherla'),(4316,610,'Miryalaguda'),(4317,610,'Neredcherla'),(4318,610,'Garide Palle'),(4319,610,'Chilkur'),(4320,610,'Kodad'),(4321,610,'Huzurnagar'),(4322,610,'Mattam Palle'),(4323,610,'Mella Cheruvu'),(4324,622,'Cherial'),(4325,622,'Maddur'),(4326,622,'Bachannapet'),(4327,622,'Narmetta'),(4328,622,'Ghanpur (Station)'),(4329,622,'Dharmasagar'),(4330,622,'Hasanparthy'),(4331,622,'Parkal'),(4332,622,'Mogullapalle'),(4333,622,'Chityal'),(4334,622,'Bhupalpalle'),(4335,622,'Ghanpur (Mulug)'),(4336,622,'Venkatapur'),(4337,622,'Eturnagaram'),(4338,622,'Mangapet'),(4339,622,'Tadvai'),(4340,622,'Govindaraopet'),(4341,622,'Mulug'),(4342,622,'Regonda'),(4343,622,'Shayampet'),(4344,622,'Nallabelly'),(4345,622,'Duggondi'),(4346,622,'Atmakur'),(4347,622,'Hanamkonda'),(4348,622,'Zaffergadh'),(4349,622,'Palakurthi'),(4350,622,'Raghunathpalle'),(4351,622,'Jangaon'),(4352,622,'Lingalaghanpur'),(4353,622,'Devaruppula'),(4354,622,'Kodakandla'),(4355,622,'Raiparthy'),(4356,622,'Wardhannapet'),(4357,622,'Sangam'),(4358,622,'Warangal'),(4359,622,'Geesugonda'),(4360,622,'Narsampet'),(4361,622,'Khanapur'),(4362,622,'Kothagudem'),(4363,622,'Gudur'),(4364,622,'Chennaraopet'),(4365,622,'Nekkonda'),(4366,622,'Parvathagiri'),(4367,622,'Thorrur'),(4368,622,'Nellikudur'),(4369,622,'Kesamudram'),(4370,622,'Mahabubabad'),(4371,622,'Narsimhulapet'),(4372,622,'Maripeda'),(4373,622,'Kuravi'),(4374,622,'Dornakal'),(4375,601,'Wazeed'),(4376,601,'Venkatapuram'),(4377,601,'Pinapaka'),(4378,601,'Cherla'),(4379,601,'Manuguru'),(4380,601,'Aswapuram'),(4381,601,'Dummugudem'),(4382,601,'Bhadrachalam'),(4383,601,'Kunavaram'),(4384,601,'Chintur'),(4385,601,'Vararamachandrapuram'),(4386,601,'Velairpadu'),(4387,601,'Kukunoor'),(4388,601,'Burgampahad'),(4389,601,'Palwancha'),(4390,601,'Kothagudem'),(4391,601,'Tekulapalle'),(4392,601,'Yellandu'),(4393,601,'Gundala'),(4394,601,'Bayyaram'),(4395,601,'Garla'),(4396,601,'Singareni'),(4397,601,'Kamepalle'),(4398,601,'Julurpad'),(4399,601,'Chandrugonda'),(4400,601,'Mulkalapalle'),(4401,601,'Aswaraopeta'),(4402,601,'Dammapeta'),(4403,601,'Sathupalle'),(4404,601,'Penuballi'),(4405,601,'Enkuru'),(4406,601,'Thirumalayapalem'),(4407,601,'Kusumanchi'),(4408,601,'Khammam (Rural)'),(4409,601,'Khammam (Urban)'),(4410,601,'Mudigonda'),(4411,601,'Nelakondapalle'),(4412,601,'Chinthakani'),(4413,601,'Konijerla'),(4414,601,'Tallada'),(4415,601,'Kallur'),(4416,601,'Wyra'),(4417,601,'Bonakal'),(4418,601,'Madhira'),(4419,601,'Yerrupalem'),(4420,601,'Vemsoor'),(4421,23,'Veeraghattam'),(4422,23,'Seethampeta'),(4423,23,'Bhamini'),(4424,23,'Kothuru'),(4425,23,'Pathapatnam'),(4426,23,'Meliaputti'),(4427,23,'Palasa'),(4428,23,'Mandasa'),(4429,23,'Kanchili'),(4430,23,'Ichchapuram'),(4431,23,'Kaviti'),(4432,23,'Sompeta'),(4433,23,'Vajrapukothuru'),(4434,23,'Nandigam'),(4435,23,'Hiramandalam'),(4436,23,'Palakonda'),(4437,23,'Vangara'),(4438,23,'Regidi Amadalavalasa'),(4439,23,'Lakshminarsupeta'),(4440,23,'Saravakota'),(4441,23,'Tekkali'),(4442,23,'Santhabommali'),(4443,23,'Kotabommali'),(4444,23,'Jalumuru'),(4445,23,'Sarubujjili'),(4446,23,'Burja'),(4447,23,'Santhakaviti'),(4448,23,'Rajam'),(4449,23,'Ganguvarisigadam'),(4450,23,'Amadalavalasa'),(4451,23,'Narasannapeta'),(4452,23,'Polaki'),(4453,23,'Gara'),(4454,23,'Srikakulam'),(4455,23,'Ponduru'),(4456,23,'Laveru'),(4457,23,'Ranastalam'),(4458,23,'Etcherla'),(4459,25,'Komarada'),(4460,25,'Gummalakshmipuram'),(4461,25,'Kurupam'),(4462,25,'Jiyyammavalasa'),(4463,25,'Garugubilli'),(4464,25,'Parvathipuram'),(4465,25,'Makkuva'),(4466,25,'Seethanagaram'),(4467,25,'Balijipeta'),(4468,25,'Bobbili'),(4469,25,'Salur'),(4470,25,'Pachipenta'),(4471,25,'Ramabhadrapuram'),(4472,25,'Badangi'),(4473,25,'Therlam'),(4474,25,'Merakamudidam'),(4475,25,'Dattirajeru'),(4476,25,'Mentada'),(4477,25,'Gajapathinagaram'),(4478,25,'Garividi'),(4479,25,'Cheepurupalle'),(4480,25,'Gurla'),(4481,25,'Bondapalle'),(4482,25,'Gantyada'),(4483,25,'Srungavarapukota'),(4484,25,'Vepada'),(4485,25,'Lakkavarapukota'),(4486,25,'Kothavalasa'),(4487,25,'Jami'),(4488,25,'Vizianagaram'),(4489,25,'Nellimarla'),(4490,25,'Pusapatirega'),(4491,25,'Denkada'),(4492,25,'Bhogapuram'),(4493,24,'Munchingi Puttu'),(4494,24,'Peda Bayalu'),(4495,24,'Dumbriguda'),(4496,24,'Araku Valley'),(4497,24,'Ananthagiri'),(4498,24,'Hukumpeta'),(4499,24,'Paderu'),(4500,24,'G.Madugula'),(4501,24,'Chintapalle'),(4502,24,'Gudem Kotha Veedhi'),(4503,24,'Koyyuru'),(4504,24,'Nathavaram'),(4505,24,'Golugonda'),(4506,24,'Narsipatnam'),(4507,24,'Rolugunta'),(4508,24,'Ravikamatham'),(4509,24,'Madugula'),(4510,24,'Cheedikada'),(4511,24,'Devarapalle'),(4512,24,'K.Kotapadu'),(4513,24,'Sabbavaram'),(4514,24,'Pendurthi'),(4515,24,'Anandapuram'),(4516,24,'Padmanabham'),(4517,24,'Bheemunipatnam'),(4518,24,'Visakhapatnam (Rural)'),(4519,24,'Visakhapatnam (Urban)'),(4520,24,'Pedagantyada'),(4521,24,'Gajuwaka'),(4522,24,'Paravada'),(4523,24,'Anakapalle'),(4524,24,'Chodavaram'),(4525,24,'Butchayyapeta'),(4526,24,'Kotauratla'),(4527,24,'Makavarapalem'),(4528,24,'Kasimkota'),(4529,24,'Munagapaka'),(4530,24,'Atchutapuram'),(4531,24,'Yelamanchili'),(4532,24,'Nakkapalle'),(4533,24,'Payakaraopeta'),(4534,24,'S.Rayavaram'),(4535,24,'Rambilli'),(4536,7,'Maredumilli'),(4537,7,'Devipatnam'),(4538,7,'Y. Ramavaram'),(4539,7,'Addateegala'),(4540,7,'Rajavommangi'),(4541,7,'Kotananduru'),(4542,7,'Tuni'),(4543,7,'Rowthulapudi'),(4544,7,'Sankhavaram'),(4545,7,'Yeleswaram'),(4546,7,'Gangavaram'),(4547,7,'Rampachodavaram'),(4548,7,'Seethanagaram'),(4549,7,'Gokavaram'),(4550,7,'Jaggampeta'),(4551,7,'Kirlampudi'),(4552,7,'Prathipadu'),(4553,7,'Thondangi'),(4554,7,'Gollaprolu'),(4555,7,'Peddapuram'),(4556,7,'Gandepalle'),(4557,7,'Korukonda'),(4558,7,'Rajahmundry (Urban)'),(4559,7,'Rajahmundry Rural'),(4560,7,'Rajanagaram'),(4561,7,'Rangampeta'),(4562,7,'Samalkota'),(4563,7,'Pithapuram'),(4564,7,'Kothapalle'),(4565,7,'Kakinada (Rural)'),(4566,7,'Kakinada (Urban)'),(4567,7,'Pedapudi'),(4568,7,'Biccavolu'),(4569,7,'Anaparthy'),(4570,7,'Kadiam'),(4571,7,'Atreyapuram'),(4572,7,'Mandapeta'),(4573,7,'Rayavaram'),(4574,7,'Karapa'),(4575,7,'Kajuluru'),(4576,7,'Ramachandrapuram'),(4577,7,'Alamuru'),(4578,7,'Ravulapalem'),(4579,7,'Kothapeta'),(4580,7,'Kapileswarapuram'),(4581,7,'Pamarru'),(4582,7,'Thallarevu'),(4583,7,'I. Polavaram'),(4584,7,'Mummidivaram'),(4585,7,'Ainavilli'),(4586,7,'P.Gannavaram'),(4587,7,'Ambajipeta'),(4588,7,'Mamidikuduru'),(4589,7,'Razole'),(4590,7,'Malikipuram'),(4591,7,'Sakhinetipalle'),(4592,7,'Allavaram'),(4593,7,'Amalapuram'),(4594,7,'Uppalaguptam'),(4595,7,'Katrenikona'),(4596,26,'Chintalapudi'),(4597,26,'Lingapalem'),(4598,26,'T.Narasapuram'),(4599,26,'Jeelugu Milli'),(4600,26,'Buttayagudem'),(4601,26,'Polavaram'),(4602,26,'Tallapudi'),(4603,26,'Gopalapuram'),(4604,26,'Koyyalagudem'),(4605,26,'Jangareddigudem'),(4606,26,'Kamavarapukota'),(4607,26,'Dwarakatirumala'),(4608,26,'Nallajerla'),(4609,26,'Devarapalle'),(4610,26,'Kovvur'),(4611,26,'Chagallu'),(4612,26,'Nidadavole'),(4613,26,'Tadepalligudem'),(4614,26,'Unguturu'),(4615,26,'Bhimadole'),(4616,26,'Pedavegi'),(4617,26,'Pedapadu'),(4618,26,'Eluru'),(4619,26,'Denduluru'),(4620,26,'Nidamarru'),(4621,26,'Pentapadu'),(4622,26,'Undrajavaram'),(4623,26,'Peravali'),(4624,26,'Tanuku'),(4625,26,'Attili'),(4626,26,'Ganapavaram'),(4627,26,'Akividu'),(4628,26,'Undi'),(4629,26,'Palacoderu'),(4630,26,'Penumantra'),(4631,26,'Iragavaram'),(4632,26,'Penugonda'),(4633,26,'Achanta'),(4634,26,'Poduru'),(4635,26,'Veeravasaram'),(4636,26,'Bhimavaram'),(4637,26,'Kalla'),(4638,26,'Mogalthur'),(4639,26,'Narasapuram'),(4640,26,'Palacole'),(4641,26,'Yelamanchili'),(4642,13,'Vatsavai'),(4643,13,'Jaggayyapeta'),(4644,13,'Penuganchiprolu'),(4645,13,'Nandigama'),(4646,13,'Veerullapadu'),(4647,13,'Mylavaram'),(4648,13,'Gampalagudem'),(4649,13,'Tiruvuru'),(4650,13,'A.Konduru'),(4651,13,'Reddigudem'),(4652,13,'Vissannapet'),(4653,13,'Chatrai'),(4654,13,'Musunuru'),(4655,13,'Nuzvid'),(4656,13,'Bapulapadu'),(4657,13,'Agiripalle'),(4658,13,'G.Konduru'),(4659,13,'Kanchikacherla'),(4660,13,'Chandarlapadu'),(4661,13,'Ibrahimpatnam'),(4662,13,'Vijayawada (Urban)'),(4663,13,'Vijayawada (Rural)'),(4664,13,'Gannavaram'),(4665,13,'Unguturu'),(4666,13,'Nandivada'),(4667,13,'Mandavalli'),(4668,13,'Kaikalur'),(4669,13,'Kalidindi'),(4670,13,'Kruthivennu'),(4671,13,'Bantumilli'),(4672,13,'Mudinepalle'),(4673,13,'Gudivada'),(4674,13,'Pedaparupudi'),(4675,13,'Kankipadu'),(4676,13,'Penamaluru'),(4677,13,'Thotlavalluru'),(4678,13,'Pamidimukkala'),(4679,13,'Vuyyuru'),(4680,13,'Pamarru'),(4681,13,'Gudlavalleru'),(4682,13,'Pedana'),(4683,13,'Guduru'),(4684,13,'Movva'),(4685,13,'Ghantasala'),(4686,13,'Machilipatnam'),(4687,13,'Challapalle'),(4688,13,'Mopidevi'),(4689,13,'Avanigadda'),(4690,13,'Nagayalanka'),(4691,13,'Koduru'),(4692,9,'Macherla'),(4693,9,'Veldurthi'),(4694,9,'Durgi'),(4695,9,'Rentachintala'),(4696,9,'Gurazala'),(4697,9,'Dachepalle'),(4698,9,'Karempudi'),(4699,9,'Piduguralla'),(4700,9,'Machavaram'),(4701,9,'Bellamkonda'),(4702,9,'Atchampet'),(4703,9,'Krosuru'),(4704,9,'Amaravathi'),(4705,9,'Thullur'),(4706,9,'Tadepalle'),(4707,9,'Mangalagiri'),(4708,9,'Tadikonda'),(4709,9,'Pedakurapadu'),(4710,9,'Sattenapalle'),(4711,9,'Rajupalem'),(4712,9,'Nekarikallu'),(4713,9,'Bollapalle'),(4714,9,'Vinukonda'),(4715,9,'Nuzendla'),(4716,9,'Savalyapuram H/O Kanamarlapudi'),(4717,9,'Ipur'),(4718,9,'Rompicherla'),(4719,9,'Narasaraopet'),(4720,9,'Muppalla'),(4721,9,'Nadendla'),(4722,9,'Chilakaluripet'),(4723,9,'Edlapadu'),(4724,9,'Phirangipuram'),(4725,9,'Medikonduru'),(4726,9,'Guntur'),(4727,9,'Pedakakani'),(4728,9,'Duggirala'),(4729,9,'Kollipara'),(4730,9,'Tenali'),(4731,9,'Chebrolu'),(4732,9,'Vatticherukuru'),(4733,9,'Prathipadu'),(4734,9,'Pedanandipadu'),(4735,9,'Kakumanu'),(4736,9,'Ponnur'),(4737,9,'Tsundur'),(4738,9,'Amruthalur'),(4739,9,'Vemuru'),(4740,9,'Kollur'),(4741,9,'Bhattiprolu'),(4742,9,'Cherukupalle H/O Arumbaka'),(4743,9,'Pittalavanipalem'),(4744,9,'Karlapalem'),(4745,9,'Bapatla'),(4746,9,'Nizampatnam'),(4747,9,'Nagaram'),(4748,9,'Repalle'),(4749,20,'Yerragondapalem'),(4750,20,'Pullalacheruvu'),(4751,20,'Tripuranthakam'),(4752,20,'Dornala'),(4753,20,'Peda  Araveedu'),(4754,20,'Donakonda'),(4755,20,'Kurichedu'),(4756,20,'Santhamaguluru'),(4757,20,'Ballikurava'),(4758,20,'Martur'),(4759,20,'Yeddana Pudi'),(4760,20,'Parchur'),(4761,20,'Karamchedu'),(4762,20,'Inkollu'),(4763,20,'Janakavarampanguluru'),(4764,20,'Addanki'),(4765,20,'Mundlamuru'),(4766,20,'Darsi'),(4767,20,'Markapur'),(4768,20,'Ardhaveedu'),(4769,20,'Cumbum'),(4770,20,'Tarlupadu'),(4771,20,'Konakanamitla'),(4772,20,'Podili'),(4773,20,'Thallur'),(4774,20,'Korisapadu'),(4775,20,'Chirala'),(4776,20,'Vetapalem'),(4777,20,'Chinaganjam'),(4778,20,'Naguluppala Padu'),(4779,20,'Maddipadu'),(4780,20,'Chimakurthi'),(4781,20,'Marripudi'),(4782,20,'Hanumanthuni Padu'),(4783,20,'Bestawaripeta'),(4784,20,'Racherla'),(4785,20,'Giddalur'),(4786,20,'Komarolu'),(4787,20,'Veligandla'),(4788,20,'Kanigiri'),(4789,20,'Kondapi'),(4790,20,'Santhanuthala Padu'),(4791,20,'Ongole'),(4792,20,'Kotha Patnam'),(4793,20,'Tangutur'),(4794,20,'Zarugumilli'),(4795,20,'Ponnaluru'),(4796,20,'Pedacherlo Palle'),(4797,20,'Chandra Sekhara Puram'),(4798,20,'Pamur'),(4799,20,'Voletivaripalem'),(4800,20,'Kandukur'),(4801,20,'Singarayakonda'),(4802,20,'Lingasamudram'),(4803,20,'Gudluru'),(4804,20,'Ulavapadu'),(4805,14,'Mantralayam'),(4806,14,'Kosigi'),(4807,14,'Kowthalam'),(4808,14,'Pedda Kadubur'),(4809,14,'Yemmiganur'),(4810,14,'Nandavaram'),(4811,14,'C.Belagal'),(4812,14,'Gudur'),(4813,14,'Kallur'),(4814,14,'Kurnool'),(4815,14,'Nandikotkur'),(4816,14,'Pagidyala'),(4817,14,'Jupadu Bungalow'),(4818,14,'Kothapalle'),(4819,14,'Srisailam'),(4820,14,'Atmakur'),(4821,14,'Pamulapadu'),(4822,14,'Midthur'),(4823,14,'Orvakal'),(4824,14,'Kodumur'),(4825,14,'Gonegandla'),(4826,14,'Adoni'),(4827,14,'Holagunda'),(4828,14,'Halaharvi'),(4829,14,'Alur'),(4830,14,'Aspari'),(4831,14,'Devanakonda'),(4832,14,'Krishnagiri'),(4833,14,'Veldurthi'),(4834,14,'Bethamcherla'),(4835,14,'Panyam'),(4836,14,'Gadivemula'),(4837,14,'Velgode'),(4838,14,'Bandi Atmakur'),(4839,14,'Nandyal'),(4840,14,'Mahanandi'),(4841,14,'Sirvel'),(4842,14,'Gospadu'),(4843,14,'Banaganapalle'),(4844,14,'Dhone'),(4845,14,'Pattikonda'),(4846,14,'Chippagiri'),(4847,14,'Maddikera (East)'),(4848,14,'Tuggali'),(4849,14,'Peapally'),(4850,14,'Owk'),(4851,14,'Koilkuntla'),(4852,14,'Rudravaram'),(4853,14,'Allagadda'),(4854,14,'Dornipadu'),(4855,14,'Sanjamala'),(4856,14,'Kolimigundla'),(4857,14,'Uyyalawada'),(4858,14,'Chagalamarri'),(4859,3,'D.Hirehal'),(4860,3,'Rayadurg'),(4861,3,'Kanekal'),(4862,3,'Bommanahal'),(4863,3,'Vidapanakal'),(4864,3,'Guntakal'),(4865,3,'Gooty'),(4866,3,'Peddavadugur'),(4867,3,'Yadiki'),(4868,3,'Tadpatri'),(4869,3,'Peddapappur'),(4870,3,'Pamidi'),(4871,3,'Vajrakarur'),(4872,3,'Uravakonda'),(4873,3,'Beluguppa'),(4874,3,'Gummagatta'),(4875,3,'Brahmasamudram'),(4876,3,'Kalyandurg'),(4877,3,'Atmakur'),(4878,3,'Kudair'),(4879,3,'Garladinne'),(4880,3,'Singanamala'),(4881,3,'Putlur'),(4882,3,'Yellanur'),(4883,3,'Narpala'),(4884,3,'Bukkaraya Samudram'),(4885,3,'Anantapur'),(4886,3,'Raptadu'),(4887,3,'Settur'),(4888,3,'Kundurpi'),(4889,3,'Kambadur'),(4890,3,'Kanaganapalle'),(4891,3,'Dharmavaram'),(4892,3,'Bathalapalle'),(4893,3,'Tadimarri'),(4894,3,'Mudigubba'),(4895,3,'Talupula'),(4896,3,'Nambulipulikunta'),(4897,3,'Gandlapenta'),(4898,3,'Kadiri'),(4899,3,'Nallamada'),(4900,3,'Bukkapatnam'),(4901,3,'Kothacheruvu'),(4902,3,'Chennekothapalle'),(4903,3,'Ramagiri'),(4904,3,'Roddam'),(4905,3,'Madakasira'),(4906,3,'Amarapuram'),(4907,3,'Gudibanda'),(4908,3,'Rolla'),(4909,3,'Agali'),(4910,3,'Parigi'),(4911,3,'Penukonda'),(4912,3,'Puttaparthi'),(4913,3,'Obuladevaracheruvu'),(4914,3,'Nallacheruvu'),(4915,3,'Tanakal'),(4916,3,'Amadagur'),(4917,3,'Gorantla'),(4918,3,'Somandepalle'),(4919,3,'Hindupur'),(4920,3,'Lepakshi'),(4921,3,'Chilamathur'),(4922,6,'Mulakalacheruvu'),(4923,6,'Thamballapalle'),(4924,6,'Peddamandyam'),(4925,6,'Gurramkonda'),(4926,6,'Kalakada'),(4927,6,'Kambhamvaripalle'),(4928,6,'Rompicherla'),(4929,6,'Yerravaripalem'),(4930,6,'Tirupati (Rural)'),(4931,6,'Renigunta'),(4932,6,'Yerpedu'),(4933,6,'Srikalahasti'),(4934,6,'Thottambedu'),(4935,6,'Buchinaidu Kandriga'),(4936,6,'Varadaiahpalem'),(4937,6,'K.V.B.Puram'),(4938,6,'Tirupati (Urban)'),(4939,6,'Chandragiri'),(4940,6,'Chinnagottigallu'),(4941,6,'Pileru'),(4942,6,'Kalikiri'),(4943,6,'Valmikipuram'),(4944,6,'Kurabalakota'),(4945,6,'Pedda Thippasamudram'),(4946,6,'B.Kothakota'),(4947,6,'Madanapalle'),(4948,6,'Nimmanapalle'),(4949,6,'Sodam'),(4950,6,'Pulicherla'),(4951,6,'Pakala'),(4952,6,'Vedurukuppam'),(4953,6,'Ramachandrapuram'),(4954,6,'Vadamalapeta'),(4955,6,'Narayanavanam'),(4956,6,'Pichatur'),(4957,6,'Satyavedu'),(4958,6,'Nagalapuram'),(4959,6,'Nindra'),(4960,6,'Vijayapuram'),(4961,6,'Nagari'),(4962,6,'Puttur'),(4963,6,'Karvetinagar'),(4964,6,'Penumuru'),(4965,6,'Puthalapattu'),(4966,6,'Irala'),(4967,6,'Somala'),(4968,6,'Chowdepalle'),(4969,6,'Ramasamudram'),(4970,6,'Punganur'),(4971,6,'Peddapanjani'),(4972,6,'Gangavaram'),(4973,6,'Thavanampalle'),(4974,6,'Srirangarajapuram'),(4975,6,'Gangadhara Nellore'),(4976,6,'Chittoor'),(4977,6,'Palamaner'),(4978,6,'Baireddipalle'),(4979,6,'Venkatagirikota'),(4980,6,'Santhipuram'),(4981,6,'Gudupalle'),(4982,6,'Kuppam'),(4983,6,'Ramakuppam'),(4984,6,'Bangarupalem'),(4985,6,'Yadamarri'),(4986,6,'Gudipala'),(4987,6,'Palasamudram'),(4988,256,'Chikodi'),(4989,256,'Athni'),(4990,256,'Raybag'),(4991,256,'Gokak'),(4992,256,'Hukeri'),(4993,256,'Belgaum'),(4994,256,'Khanapur'),(4995,256,'Sampgaon'),(4996,256,'Parasgad'),(4997,256,'Ramdurg'),(4998,253,'Jamkhandi'),(4999,253,'Bilgi'),(5000,253,'Mudhol'),(5001,253,'Badami'),(5002,253,'Bagalkot'),(5003,253,'Hungund'),(5004,132,'Indi'),(5005,132,'Sindgi'),(5006,132,'Basavana Bagevadi'),(5007,132,'Muddebihal'),(5008,258,'Basavakalyan'),(5009,258,'Bhalki'),(5010,258,'Aurad'),(5011,258,'Bidar'),(5012,258,'Homnabad'),(5013,275,'Lingsugur'),(5014,275,'Devadurga'),(5015,275,'Raichur'),(5016,275,'Manvi'),(5017,275,'Sindhnur'),(5018,272,'Yelbarga'),(5019,272,'Kushtagi'),(5020,272,'Gangawati'),(5021,272,'Koppal'),(5022,266,'Nargund'),(5023,266,'Ron'),(5024,266,'Gadag'),(5025,266,'Shirhatti'),(5026,266,'Mundargi'),(5027,265,'Dharwad'),(5028,265,'Navalgund'),(5029,265,'Hubli'),(5030,265,'Kalghatgi'),(5031,265,'Kundgol'),(5032,280,'Karwar'),(5033,280,'Supa'),(5034,280,'Haliyal'),(5035,280,'Yellapur'),(5036,280,'Mundgod'),(5037,280,'Sirsi'),(5038,280,'Ankola'),(5039,280,'Kumta'),(5040,280,'Siddapur'),(5041,280,'Honavar'),(5042,280,'Bhatkal'),(5043,268,'Shiggaon'),(5044,268,'Savanur'),(5045,268,'Hangal'),(5046,268,'Haveri'),(5047,268,'Byadgi'),(5048,268,'Hirekerur'),(5049,268,'Ranibennur'),(5050,257,'Hadagalli'),(5051,257,'Hagaribommanahalli'),(5052,257,'Hospet'),(5053,257,'Siruguppa'),(5054,257,'Bellary'),(5055,257,'Sandur'),(5056,257,'Kudligi'),(5057,262,'Molakalmuru'),(5058,262,'Challakere'),(5059,262,'Chitradurga'),(5060,262,'Holalkere'),(5061,262,'Hosdurga'),(5062,262,'Hiriyur'),(5063,264,'Harihar'),(5064,264,'Harapanahalli'),(5065,264,'Jagalur'),(5066,264,'Davanagere'),(5067,264,'Honnali'),(5068,264,'Channagiri'),(5069,277,'Sagar'),(5070,277,'Sorab'),(5071,277,'Shikarpur'),(5072,277,'Hosanagara'),(5073,277,'Tirthahalli'),(5074,277,'Shimoga'),(5075,277,'Bhadravati'),(5076,279,'Kundapura'),(5077,279,'Udupi'),(5078,279,'Karkal'),(5079,261,'Sringeri'),(5080,261,'Koppa'),(5081,261,'Narasimharajapura'),(5082,261,'Tarikere'),(5083,261,'Kadur'),(5084,261,'Chikmagalur'),(5085,261,'Mudigere'),(5086,278,'Chiknayakanhalli'),(5087,278,'Sira'),(5088,278,'Pavagada'),(5089,278,'Madhugiri'),(5090,278,'Koratagere'),(5091,278,'Tumkur'),(5092,278,'Gubbi'),(5093,278,'Tiptur'),(5094,278,'Turuvekere'),(5095,278,'Kunigal'),(5096,273,'Krishnarajpet'),(5097,273,'Nagamangala'),(5098,273,'Pandavapura'),(5099,273,'Shrirangapattana'),(5100,273,'Mandya'),(5101,273,'Maddur'),(5102,273,'Malavalli'),(5103,267,'Sakleshpur'),(5104,267,'Belur'),(5105,267,'Arsikere'),(5106,267,'Hassan'),(5107,267,'Alur'),(5108,267,'Arkalgud'),(5109,267,'Hole Narsipur'),(5110,267,'Channarayapatna'),(5111,263,'Mangalore'),(5112,263,'Bantval'),(5113,263,'Beltangadi'),(5114,263,'Puttur'),(5115,263,'Sulya'),(5116,270,'Madikeri'),(5117,270,'Somvarpet'),(5118,270,'Virajpet'),(5119,274,'Piriyapatna'),(5120,274,'Hunsur'),(5121,274,'Krishnarajanagara'),(5122,274,'Mysore'),(5123,274,'Heggadadevankote'),(5124,274,'Nanjangud'),(5125,274,'Tirumakudal - Narsipur'),(5126,259,'Gundlupet'),(5127,259,'Chamarajanagar'),(5128,259,'Yelandur'),(5129,259,'Kollegal'),(5130,283,'Shorapur'),(5131,283,'Shahpur'),(5132,283,'Yadgir'),(5133,271,'Srinivaspur'),(5134,271,'Kolar'),(5135,271,'Malur'),(5136,271,'Bangarapet'),(5137,271,'Mulbagal'),(5138,260,'Gauribidanur'),(5139,260,'Chikkaballapura'),(5140,260,'Gudibanda'),(5141,260,'Bagepalli'),(5142,260,'Sidlaghatta'),(5143,260,'Chintamani'),(5144,254,'Nelamangala'),(5145,254,'Dod Ballapur'),(5146,254,'Devanahalli'),(5147,254,'Hosakote'),(5148,276,'Magadi'),(5149,276,'Ramanagara'),(5150,276,'Channapatna'),(5151,276,'Kanakapura'),(5152,160,'Pernem'),(5153,160,'Bardez'),(5154,160,'Tiswadi'),(5155,160,'Bicholim'),(5156,160,'Satari'),(5157,160,'Ponda'),(5158,161,'Mormugao'),(5159,161,'Salcete'),(5160,161,'Quepem'),(5161,161,'Sanguem'),(5162,161,'Canacona'),(5163,288,'Kasaragod'),(5164,288,'Hosdurg'),(5165,287,'Taliparamba'),(5166,287,'Kannur'),(5167,287,'Thalassery'),(5168,297,'Mananthavady'),(5169,297,'Sulthanbathery'),(5170,297,'Vythiri'),(5171,291,'Vadakara'),(5172,291,'Quilandy'),(5173,291,'Kozhikode'),(5174,292,'Ernad'),(5175,292,'Nilambur'),(5176,292,'Perinthalmanna'),(5177,292,'Tirur'),(5178,292,'Tirurangadi'),(5179,292,'Ponnani'),(5180,293,'Ottappalam'),(5181,293,'Mannarkad'),(5182,293,'Palakkad'),(5183,293,'Chittur'),(5184,293,'Alathur'),(5185,296,'Talappilly'),(5186,296,'Chavakkad'),(5187,296,'Thrissur'),(5188,296,'Kodungallur'),(5189,296,'Mukundapuram'),(5190,285,'Kunnathunad'),(5191,285,'Aluva'),(5192,285,'Paravur'),(5193,285,'Kochi'),(5194,285,'Kanayannur'),(5195,285,'Muvattupuzha'),(5196,285,'Kothamangalam'),(5197,286,'Devikulam'),(5198,286,'Udumbanchola'),(5199,286,'Thodupuzha'),(5200,286,'Peerumade'),(5201,290,'Meenachil'),(5202,290,'Vaikom'),(5203,290,'Kottayam'),(5204,290,'Changanassery'),(5205,290,'Kanjirappally'),(5206,284,'Cherthala'),(5207,284,'Ambalappuzha'),(5208,284,'Kuttanad'),(5209,284,'Karthikappally'),(5210,284,'Chengannur'),(5211,284,'Mavelikkara'),(5212,294,'Thiruvalla'),(5213,294,'Mallappally'),(5214,294,'Ranni'),(5215,294,'Kozhenchery'),(5216,294,'Adoor'),(5217,289,'Karunagappally'),(5218,289,'Kunnathur'),(5219,289,'Pathanapuram'),(5220,289,'Kottarakkara'),(5221,289,'Kollam'),(5222,295,'Chirayinkeezhu'),(5223,295,'Nedumangad'),(5224,295,'Thiruvananthapuram'),(5225,295,'Neyyattinkara'),(5226,585,'Gummidipoondi'),(5227,585,'Ponneri'),(5228,585,'Uthukkottai'),(5229,585,'Tiruttani'),(5230,585,'Pallipattu'),(5231,585,'Thiruvallur'),(5232,585,'Poonamallee'),(5233,585,'Ambattur'),(5234,585,'Mathavaram'),(5235,562,'Sriperumbudur'),(5236,562,'Tambaram'),(5237,562,'Alandur'),(5238,562,'Sholinganallur'),(5239,562,'Chengalpattu'),(5240,562,'Kancheepuram'),(5241,562,'Uthiramerur'),(5242,562,'Tirukalukundram'),(5243,562,'Maduranthakam'),(5244,562,'Cheyyur'),(5245,588,'Gudiyatham'),(5246,588,'Katpadi'),(5247,588,'Wallajah'),(5248,588,'Arakonam'),(5249,588,'Arcot'),(5250,588,'Vellore'),(5251,588,'Vaniyambadi'),(5252,588,'Ambur'),(5253,588,'Tirupathur'),(5254,586,'Arani'),(5255,586,'Cheyyar'),(5256,586,'Vandavasi'),(5257,586,'Polur'),(5258,586,'Chengam'),(5259,586,'Thandrampet'),(5260,586,'Tiruvannamalai'),(5261,589,'Gingee'),(5262,589,'Tindivanam'),(5263,589,'Vanur'),(5264,589,'Viluppuram'),(5265,589,'Tirukkoyilur'),(5266,589,'Sankarapuram'),(5267,589,'Kallakkurichi'),(5268,589,'Ulundurpettai'),(5269,575,'Mettur'),(5270,575,'Omalur'),(5271,575,'Edappadi'),(5272,575,'Sankari'),(5273,575,'Salem'),(5274,575,'Yercaud'),(5275,575,'Vazhapadi'),(5276,575,'Attur'),(5277,575,'Gangavalli'),(5278,569,'Tiruchengode'),(5279,569,'Rasipuram'),(5280,569,'Namakkal'),(5281,569,'Paramathi-Velur'),(5282,560,'Sathyamangalam'),(5283,560,'Bhavani'),(5284,560,'Gobichettipalayam'),(5285,560,'Perundurai'),(5286,560,'Erode'),(5287,570,'Panthalur'),(5288,570,'Gudalur'),(5289,570,'Udhagamandalam'),(5290,570,'Kotagiri'),(5291,570,'Coonoor'),(5292,570,'Kundah'),(5293,559,'Palani'),(5294,559,'Oddanchatram'),(5295,559,'Vedasandur'),(5296,559,'Natham'),(5297,559,'Dindigul'),(5298,559,'Attur'),(5299,559,'Kodaikanal'),(5300,559,'Nilakkottai'),(5301,564,'Aravakurichi'),(5302,564,'Karur'),(5303,564,'Krishnarayapuram'),(5304,564,'Kulithalai'),(5305,564,'Kadavur'),(5306,581,'Thottiyam'),(5307,581,'Musiri'),(5308,581,'Thuraiyur'),(5309,581,'Manachanallur'),(5310,581,'Lalgudi'),(5311,581,'Srirangam'),(5312,581,'Tiruchirappalli'),(5313,581,'Thiruverumbur'),(5314,581,'Manapparai'),(5315,571,'Veppanthattai'),(5316,571,'Perambalur'),(5317,571,'Kunnam'),(5318,553,'Sendurai'),(5319,553,'Udayarpalayam'),(5320,553,'Ariyalur'),(5321,557,'Panruti'),(5322,557,'Cuddalore'),(5323,557,'Kurinjipadi'),(5324,557,'Chidambaram'),(5325,557,'Kattumannarkoil'),(5326,557,'Virudhachalam'),(5327,557,'Tittakudi'),(5328,568,'Sirkali'),(5329,568,'Mayiladuthurai'),(5330,568,'Kuthalam'),(5331,568,'Tharangambadi'),(5332,568,'Nagapattinam'),(5333,568,'Kilvelur'),(5334,568,'Thirukkuvalai'),(5335,568,'Vedaranyam'),(5336,587,'Valangaiman'),(5337,587,'Kodavasal'),(5338,587,'Nannilam'),(5339,587,'Thiruvarur'),(5340,587,'Needamangalam'),(5341,587,'Mannargudi'),(5342,587,'Thiruthuraipoondi'),(5343,578,'Thiruvidaimarudur'),(5344,578,'Kumbakonam'),(5345,578,'Papanasam'),(5346,578,'Thiruvaiyaru'),(5347,578,'Thanjavur'),(5348,578,'Orathanadu'),(5349,578,'Pattukkottai'),(5350,578,'Peravurani'),(5351,572,'Iluppur'),(5352,572,'Kulathur'),(5353,572,'Gandarvakkottai'),(5354,572,'Pudukkottai'),(5355,572,'Thirumayam'),(5356,572,'Ponnamaravathi'),(5357,572,'Alangudi'),(5358,572,'Karambakudi'),(5359,572,'Aranthangi'),(5360,572,'Manamelkudi'),(5361,572,'Avudayarkoil'),(5362,576,'Tirupathur'),(5363,576,'Karaikkudi'),(5364,576,'Devakottai'),(5365,576,'Sivaganga'),(5366,576,'Manamadurai'),(5367,576,'Ilayangudi'),(5368,566,'Melur'),(5369,566,'Madurai North'),(5370,566,'Vadipatti'),(5371,566,'Usilampatti'),(5372,566,'Peraiyur'),(5373,566,'Thirumangalam'),(5374,566,'Madurai South'),(5375,579,'Bodinayakanur'),(5376,579,'Periyakulam'),(5377,579,'Theni'),(5378,579,'Uthamapalayam'),(5379,579,'Andipatti'),(5380,590,'Rajapalayam'),(5381,590,'Srivilliputhur'),(5382,590,'Sivakasi'),(5383,590,'Virudhunagar'),(5384,590,'Kariapatti'),(5385,590,'Tiruchuli'),(5386,590,'Aruppukkottai'),(5387,590,'Sattur'),(5388,573,'Tiruvadanai'),(5389,573,'Paramakudi'),(5390,573,'Mudukulathur'),(5391,573,'Kamuthi'),(5392,573,'Kadaladi'),(5393,573,'Ramanathapuram'),(5394,573,'Rameswaram'),(5395,580,'Kovilpatti'),(5396,580,'Ettayapuram'),(5397,580,'Vilathikulam'),(5398,580,'Ottapidaram'),(5399,580,'Thoothukkudi'),(5400,580,'Srivaikuntam'),(5401,580,'Tiruchendur'),(5402,580,'Sathankulam'),(5403,582,'Sivagiri'),(5404,582,'Sankarankoil'),(5405,582,'Veerakeralamputhur'),(5406,582,'Tenkasi'),(5407,582,'Shenkottai'),(5408,582,'Alangulam'),(5409,582,'Tirunelveli'),(5410,582,'Palayamkottai'),(5411,582,'Ambasamudram'),(5412,582,'Nanguneri'),(5413,582,'Radhapuram'),(5414,563,'Vilavancode'),(5415,563,'Kalkulam'),(5416,563,'Thovala'),(5417,563,'Agastheeswaram'),(5418,558,'Palakkodu'),(5419,558,'Harur'),(5420,558,'Pappireddipatti'),(5421,558,'Dharmapuri'),(5422,558,'Pennagaram'),(5423,565,'Hosur'),(5424,565,'Krishnagiri'),(5425,565,'Denkanikottai'),(5426,565,'Pochampalli'),(5427,565,'Uthangarai'),(5428,556,'Mettupalayam'),(5429,556,'Sulur'),(5430,556,'Coimbatore North'),(5431,556,'Coimbatore South'),(5432,556,'Pollachi'),(5433,556,'Valparai'),(5434,584,'Kangeyam'),(5435,584,'Dharapuram'),(5436,584,'Avanashi'),(5437,584,'Tiruppur'),(5438,584,'Palladam'),(5439,584,'Udumalaipettai'),(5440,584,'Madathukulam'),(5441,357,'Ashti'),(5442,357,'Beed'),(5443,357,'Georai'),(5444,357,'Kaij'),(5445,357,'Manjlegaon'),(5446,357,'Parli'),(5447,357,'Patoda'),(5448,357,'Shirur (Kasar)'),(5449,357,'Wadwani');
/*!40000 ALTER TABLE `talukas` ENABLE KEYS */;
UNLOCK TABLES;

--
-- Table structure for table `tenders`
--

DROP TABLE IF EXISTS `tenders`;
/*!40101 SET @saved_cs_client     = @@character_set_client */;
/*!40101 SET character_set_client = utf8 */;
CREATE TABLE `tenders` (
  `id` int(10) unsigned NOT NULL AUTO_INCREMENT,
  `type` varchar(100) NOT NULL,
  `full_name` varchar(255) NOT NULL,
  `address` text DEFAULT NULL,
  `city` varchar(150) DEFAULT NULL,
  `district_id` int(11) DEFAULT NULL,
  `state_id` int(11) DEFAULT NULL,
  `pincode` varchar(6) DEFAULT NULL,
  `mobile` varchar(10) NOT NULL,
  `email` varchar(255) NOT NULL,
  `license_number` enum('YES','NO') NOT NULL,
  `gst_number` enum('YES','NO') NOT NULL,
  `goods_type` varchar(150) NOT NULL,
  `goods_demand` varchar(100) NOT NULL,
  `sale_rate` varchar(100) NOT NULL,
  `photo` varchar(255) DEFAULT NULL,
  `aadhar_copy` varchar(255) DEFAULT NULL,
  `pan_copy` varchar(255) DEFAULT NULL,
  `gst_certificate` varchar(255) DEFAULT NULL,
  `license_certificate` varchar(255) DEFAULT NULL,
  `remarks` text DEFAULT NULL,
  `created_at` timestamp NOT NULL DEFAULT current_timestamp(),
  `taluka` varchar(150) DEFAULT NULL,
  PRIMARY KEY (`id`),
  KEY `email` (`email`),
  KEY `mobile` (`mobile`),
  KEY `state_id` (`state_id`),
  KEY `district_id` (`district_id`),
  KEY `idx_taluka` (`taluka`)
) ENGINE=InnoDB AUTO_INCREMENT=5 DEFAULT CHARSET=utf8mb4 COLLATE=utf8mb4_unicode_ci;
/*!40101 SET character_set_client = @saved_cs_client */;

--
-- Dumping data for table `tenders`
--

LOCK TABLES `tenders` WRITE;
/*!40000 ALTER TABLE `tenders` DISABLE KEYS */;
INSERT INTO `tenders` VALUES (1,'Construction','Sahil Uttam Yepari','Ganpati nagar near midc','Amravati',355,14,'444071','9657890206','sahilyepari@gmail.com','YES','YES','bricks','30 pc','123.00','uploads/tenders/photo_1764831147_6672.jpg','uploads/tenders/aadhar_copy_1764831147_6300.jpg','uploads/tenders/pan_copy_1764831147_4180.jpg','uploads/tenders/gst_certificate_1764831147_3049.jpg','uploads/tenders/license_certificate_1764831147_5199.jpg','','2025-12-04 06:52:27',NULL),(4,'Electronics','Vedant Sahil Thorat','namoh pg karve nagar lane no 5\r\nmy mobile no 9657890206','',378,14,'411052','8579958899','vedant@gmail.com','YES','YES','bricks','1000 pc','15 per pc','uploads/tenders/photo_1764840603_3021.jpg','uploads/tenders/aadhar_copy_1764840603_7671.jpg','uploads/tenders/pan_copy_1764840603_3782.jpg','uploads/tenders/gst_certificate_1764840603_2929.jpg','uploads/tenders/license_certificate_1764840603_1214.jpg','','2025-12-04 09:30:03','Pune City');
/*!40000 ALTER TABLE `tenders` ENABLE KEYS */;
UNLOCK TABLES;

--
-- Table structure for table `users`
--

DROP TABLE IF EXISTS `users`;
/*!40101 SET @saved_cs_client     = @@character_set_client */;
/*!40101 SET character_set_client = utf8 */;
CREATE TABLE `users` (
  `id` int(11) NOT NULL AUTO_INCREMENT,
  `first_name` varchar(50) NOT NULL,
  `middle_name` varchar(50) DEFAULT NULL,
  `last_name` varchar(50) NOT NULL,
  `email` varchar(255) NOT NULL,
  `password` varchar(255) NOT NULL,
  `photo` varchar(255) DEFAULT NULL,
  `created_at` timestamp NOT NULL DEFAULT current_timestamp(),
  `updated_at` timestamp NOT NULL DEFAULT current_timestamp() ON UPDATE current_timestamp(),
  `mobile` varchar(20) NOT NULL,
  PRIMARY KEY (`id`),
  UNIQUE KEY `email` (`email`)
) ENGINE=InnoDB AUTO_INCREMENT=3 DEFAULT CHARSET=utf8mb4 COLLATE=utf8mb4_general_ci;
/*!40101 SET character_set_client = @saved_cs_client */;

--
-- Dumping data for table `users`
--

LOCK TABLES `users` WRITE;
/*!40000 ALTER TABLE `users` DISABLE KEYS */;
INSERT INTO `users` VALUES (1,'Sahil','Uttam','Yepari','sahilyepari@gmail.com','$2y$10$hhc.vaM.S3Oq/LkviD6/UuNI5nU08tDgnprkKsiDfFp5ECWgjRpJ6','uploads/693128f72007f.jpg','2025-12-04 06:23:51','2025-12-04 06:23:51','9657890206'),(2,'Harsh','Vikas','Gupta','harsh@gmail.com','$2y$10$UkU3FX6pABTExq5rj8v.auiWIwHmZEpnvHVEObPZ91obAo310I.U.','uploads/69313106564f1.jpg','2025-12-04 06:58:14','2025-12-04 06:58:14','1234567899');
/*!40000 ALTER TABLE `users` ENABLE KEYS */;
UNLOCK TABLES;
/*!40103 SET TIME_ZONE=@OLD_TIME_ZONE */;

/*!40101 SET SQL_MODE=@OLD_SQL_MODE */;
/*!40014 SET FOREIGN_KEY_CHECKS=@OLD_FOREIGN_KEY_CHECKS */;
/*!40014 SET UNIQUE_CHECKS=@OLD_UNIQUE_CHECKS */;
/*!40101 SET CHARACTER_SET_CLIENT=@OLD_CHARACTER_SET_CLIENT */;
/*!40101 SET CHARACTER_SET_RESULTS=@OLD_CHARACTER_SET_RESULTS */;
/*!40101 SET COLLATION_CONNECTION=@OLD_COLLATION_CONNECTION */;
/*!40111 SET SQL_NOTES=@OLD_SQL_NOTES */;

-- Dump completed on 2025-12-04 15:19:09
